Country Name,Country Code,Series Name,Series Code,1972 [YR1972],1973 [YR1973],1974 [YR1974],1975 [YR1975],1976 [YR1976],1977 [YR1977],1978 [YR1978],1979 [YR1979],1980 [YR1980],1981 [YR1981],1982 [YR1982],1983 [YR1983],1984 [YR1984],1985 [YR1985],1986 [YR1986],1987 [YR1987],1988 [YR1988],1989 [YR1989],1990 [YR1990],1991 [YR1991],1992 [YR1992],1993 [YR1993],1994 [YR1994],1995 [YR1995],1996 [YR1996],1997 [YR1997],1998 [YR1998],1999 [YR1999],2000 [YR2000],2001 [YR2001],2002 [YR2002],2003 [YR2003],2004 [YR2004],2005 [YR2005],2006 [YR2006],2007 [YR2007],2008 [YR2008],2009 [YR2009],2010 [YR2010],2011 [YR2011],2012 [YR2012],2013 [YR2013],2014 [YR2014],2015 [YR2015],2016 [YR2016],2017 [YR2017],2018 [YR2018],2019 [YR2019],2020 [YR2020],2021 [YR2021]
Afghanistan,AFG,"Labor force participation rate, female (% of female population ages 15-64) (modeled ILO estimate)",SL.TLF.ACTI.FE.ZS,..,..,..,..,..,..,..,..,..,..,..,..,..,..,..,..,..,..,15.83,15.89,15.92,15.91,15.88,15.92,15.75,15.59,15.47,15.4,15.35,15.5,15.7,15.92,16.13,16.33,16.12,15.91,15.74,15.65,15.65,16,16.44,17.42,18.46,19.55,20.7,21.91,22.32,22.74,..,..
Albania,ALB,"Labor force participation rate, female (% of female population ages 15-64) (modeled ILO estimate)",SL.TLF.ACTI.FE.ZS,..,..,..,..,..,..,..,..,..,..,..,..,..,..,..,..,..,..,60.63,65.54,66.56,65.01,63.64,61.59,60.28,61.91,60.62,58.87,57.89,56.71,56.06,55.3,54.57,53.88,53.43,53.07,52.78,51.57,52.75,60.59,55.1,50.58,50.18,54.05,56.4,55.54,59.12,61.46,..,..
Algeria,DZA,"Labor force participation rate, female (% of female population ages 15-64) (modeled ILO estimate)",SL.TLF.ACTI.FE.ZS,..,..,..,..,..,..,..,..,..,..,..,..,..,..,..,..,..,..,12.31,12.33,12.37,12.41,12.47,12.56,12.64,12.59,12.59,12.63,12.71,12.85,13.02,13.24,13.5,13.79,14.12,14.47,14.87,15.31,15.49,16.45,17.48,18.29,16.68,17.5,18.33,19.19,18.95,18.7,..,..
American Samoa,ASM,"Labor force participation rate, female (% of female population ages 15-64) (modeled ILO estimate)",SL.TLF.ACTI.FE.ZS,..,..,..,..,..,..,..,..,..,..,..,..,..,..,..,..,..,..,..,..,..,..,..,..,..,..,..,..,..,..,..,..,..,..,..,..,..,..,..,..,..,..,..,..,..,..,..,..,..,..
Andorra,AND,"Labor force participation rate, female (% of female population ages 15-64) (modeled ILO estimate)",SL.TLF.ACTI.FE.ZS,..,..,..,..,..,..,..,..,..,..,..,..,..,..,..,..,..,..,..,..,..,..,..,..,..,..,..,..,..,..,..,..,..,..,..,..,..,..,..,..,..,..,..,..,..,..,..,..,..,..
Angola,AGO,"Labor force participation rate, female (% of female population ages 15-64) (modeled ILO estimate)",SL.TLF.ACTI.FE.ZS,..,..,..,..,..,..,..,..,..,..,..,..,..,..,..,..,..,..,76.73,76.69,76.66,76.68,76.64,76.57,76.55,76.53,76.53,76.51,76.49,76.48,76.44,76.41,76.38,76.36,76.39,76.42,76.46,76.53,76.59,76.67,76.73,76.79,76.83,76.87,76.9,76.91,76.9,76.88,..,..
Antigua and Barbuda,ATG,"Labor force participation rate, female (% of female population ages 15-64) (modeled ILO estimate)",SL.TLF.ACTI.FE.ZS,..,..,..,..,..,..,..,..,..,..,..,..,..,..,..,..,..,..,..,..,..,..,..,..,..,..,..,..,..,..,..,..,..,..,..,..,..,..,..,..,..,..,..,..,..,..,..,..,..,..
Argentina,ARG,"Labor force participation rate, female (% of female population ages 15-64) (modeled ILO estimate)",SL.TLF.ACTI.FE.ZS,..,..,..,..,..,..,..,..,..,..,..,..,..,..,..,..,..,..,52.02,52.9,53.71,54.6,55.25,55,55.69,56.67,57.24,57.03,57.09,56.79,55.7,56.68,57.68,56.69,57.33,56.46,55.59,56.28,55.21,55.6,55.92,55.57,54.76,55.58,56.38,57.17,59.02,59.53,..,..
Armenia,ARM,"Labor force participation rate, female (% of female population ages 15-64) (modeled ILO estimate)",SL.TLF.ACTI.FE.ZS,..,..,..,..,..,..,..,..,..,..,..,..,..,..,..,..,..,..,51.9,52.18,52.45,52.7,52.9,53.03,53.04,52.98,52.89,52.8,52.73,52.7,52.7,52.71,52.74,52.76,52.78,52.81,52.5,53.39,54.85,57.73,58.19,58.66,57.98,57.18,55.26,55.25,50.95,50.96,..,..
Aruba,ABW,"Labor force participation rate, female (% of female population ages 15-64) (modeled ILO estimate)",SL.TLF.ACTI.FE.ZS,..,..,..,..,..,..,..,..,..,..,..,..,..,..,..,..,..,..,..,..,..,..,..,..,..,..,..,..,..,..,..,..,..,..,..,..,..,..,..,..,..,..,..,..,..,..,..,..,..,..
Australia,AUS,"Labor force participation rate, female (% of female population ages 15-64) (modeled ILO estimate)",SL.TLF.ACTI.FE.ZS,..,..,..,..,..,..,..,..,..,..,..,..,..,..,..,..,..,..,61.9,61.66,61.77,61.65,62.82,64.06,64.33,64.11,64.21,64.24,65.33,66.01,66.24,67.09,66.79,68.23,68.89,69.45,69.98,70.14,69.97,70.44,70.35,70.42,70.54,71.27,71.64,72.34,73.18,73.82,..,..
Austria,AUT,"Labor force participation rate, female (% of female population ages 15-64) (modeled ILO estimate)",SL.TLF.ACTI.FE.ZS,..,..,..,..,..,..,..,..,..,..,..,..,..,..,..,..,..,..,55.23,56.01,57.72,58.49,61.17,62.28,61.76,61.68,62.22,62.41,62.34,62.09,63.88,63.99,63.1,64.79,65.57,66.68,67.58,68.61,68.92,69.53,70.31,70.83,70.89,70.95,71.68,71.77,71.86,72.18,..,..
Azerbaijan,AZE,"Labor force participation rate, female (% of female population ages 15-64) (modeled ILO estimate)",SL.TLF.ACTI.FE.ZS,..,..,..,..,..,..,..,..,..,..,..,..,..,..,..,..,..,..,72.76,73.03,75.49,78.46,80.8,81.69,81.55,81.04,80.26,79.72,78.91,77.26,75.34,73.14,72.01,70.44,68.6,67.51,66.27,67.09,67.25,66.15,66.43,66.66,67.39,67.9,68.47,69.1,69.72,69.54,..,..
"Bahamas, The",BHS,"Labor force participation rate, female (% of female population ages 15-64) (modeled ILO estimate)",SL.TLF.ACTI.FE.ZS,..,..,..,..,..,..,..,..,..,..,..,..,..,..,..,..,..,..,68.72,69.67,70.62,71.57,72.45,72.81,73.06,73.22,73.56,74.01,74.24,74.57,74.85,74.78,74.74,74.81,75.07,75.22,75.1,74.84,74.95,74.99,75.28,75.31,75.56,75.76,75.97,76.09,76.26,76.46,..,..
Bahrain,BHR,"Labor force participation rate, female (% of female population ages 15-64) (modeled ILO estimate)",SL.TLF.ACTI.FE.ZS,..,..,..,..,..,..,..,..,..,..,..,..,..,..,..,..,..,..,30.39,30.09,30.72,31.43,32.2,32.98,33.56,34.13,34.75,35.45,36.23,36.94,37.65,38.5,39.44,40.42,41.11,41.96,42.96,44.07,45.24,44.47,44.68,44.9,45.13,45.34,45.61,46.02,46.56,47.03,..,..
Bangladesh,BGD,"Labor force participation rate, female (% of female population ages 15-64) (modeled ILO estimate)",SL.TLF.ACTI.FE.ZS,..,..,..,..,..,..,..,..,..,..,..,..,..,..,..,..,..,..,25.24,25.37,25.55,25.77,26.02,26.31,26.53,26.79,27.08,27.37,27.65,27.85,28.07,28.29,28.51,28.72,28.83,29.39,29.96,30.53,31.1,31.68,32.26,32.84,33.43,34.01,34.59,37.95,38.25,38.48,..,..
Barbados,BRB,"Labor force participation rate, female (% of female population ages 15-64) (modeled ILO estimate)",SL.TLF.ACTI.FE.ZS,..,..,..,..,..,..,..,..,..,..,..,..,..,..,..,..,..,..,71.75,70.96,71.82,72.95,73.92,75.14,76.13,75.2,75.15,75.08,75.02,75.05,75.1,75.16,75.78,75.76,75.7,75.59,75.46,75.33,75.23,75.33,73.82,75.19,74.42,74.31,75.09,75.14,75.13,75.17,..,..
Belarus,BLR,"Labor force participation rate, female (% of female population ages 15-64) (modeled ILO estimate)",SL.TLF.ACTI.FE.ZS,..,..,..,..,..,..,..,..,..,..,..,..,..,..,..,..,..,..,63.84,63.97,64.42,64.88,65.6,66.34,66.39,66.05,65.9,65.99,66.7,67.49,68.29,69.08,69.78,70.36,70.82,71.19,71.51,71.83,72.18,72.59,73.03,73.47,73.89,74.26,74.56,74.55,74.4,74.25,..,..
Belgium,BEL,"Labor force participation rate, female (% of female population ages 15-64) (modeled ILO estimate)",SL.TLF.ACTI.FE.ZS,..,..,..,..,..,..,..,..,..,..,..,..,..,..,..,..,..,..,46.23,48.19,49.29,50.27,51.23,51.82,52.09,52.87,53.76,55.9,56.5,54.32,55.21,55.57,57.43,59.27,59.43,60.43,60.75,60.82,61.68,60.89,61.11,62.11,62.89,63,62.92,63.19,64.3,64.88,..,..
Belize,BLZ,"Labor force participation rate, female (% of female population ages 15-64) (modeled ILO estimate)",SL.TLF.ACTI.FE.ZS,..,..,..,..,..,..,..,..,..,..,..,..,..,..,..,..,..,..,36.47,37.12,37.81,38.05,37.83,38,38.27,39.24,40.23,41.27,42.36,43.45,44.57,45.7,46.82,47.91,47.99,48.09,48.19,48.32,48.46,48.67,48.89,49.13,49.98,50.88,52.31,51.42,51.87,52.15,..,..
Benin,BEN,"Labor force participation rate, female (% of female population ages 15-64) (modeled ILO estimate)",SL.TLF.ACTI.FE.ZS,..,..,..,..,..,..,..,..,..,..,..,..,..,..,..,..,..,..,58.74,58.73,58.73,59.58,60.43,61.27,62.09,62.91,63.71,64.49,65.27,66.03,66.78,67.5,68.14,68.73,69.24,69.68,70.06,70.4,70.69,69.47,69.52,69.58,69.65,69.76,69.85,69.95,70.05,70.15,..,..
Bermuda,BMU,"Labor force participation rate, female (% of female population ages 15-64) (modeled ILO estimate)",SL.TLF.ACTI.FE.ZS,..,..,..,..,..,..,..,..,..,..,..,..,..,..,..,..,..,..,..,..,..,..,..,..,..,..,..,..,..,..,..,..,..,..,..,..,..,..,..,..,..,..,..,..,..,..,..,..,..,..
Bhutan,BTN,"Labor force participation rate, female (% of female population ages 15-64) (modeled ILO estimate)",SL.TLF.ACTI.FE.ZS,..,..,..,..,..,..,..,..,..,..,..,..,..,..,..,..,..,..,62.75,62.42,62.13,61.84,61.54,61.22,61.51,61.92,62.43,63.03,63.71,64.51,65.34,66.17,66.95,67.66,67.95,68.25,68.55,68.85,65.9,63.35,64.73,59.4,56.2,61.2,61.59,61.9,62.13,62.31,..,..
Bolivia,BOL,"Labor force participation rate, female (% of female population ages 15-64) (modeled ILO estimate)",SL.TLF.ACTI.FE.ZS,..,..,..,..,..,..,..,..,..,..,..,..,..,..,..,..,..,..,58.66,59.01,59.04,59.35,59.71,60.08,60.41,60.8,61.04,61.26,61.47,62.1,62.71,63.3,63.88,64.44,64.99,62.69,64.29,64.54,64.25,63.95,60.09,60.64,62.8,56.1,58.88,60.81,65.34,65.7,..,..
Bosnia and Herzegovina,BIH,"Labor force participation rate, female (% of female population ages 15-64) (modeled ILO estimate)",SL.TLF.ACTI.FE.ZS,..,..,..,..,..,..,..,..,..,..,..,..,..,..,..,..,..,..,41.68,42.93,43.56,43.56,43.36,42.78,42.31,42.43,42.15,41.41,41.04,40.82,40.57,40.42,40.1,38.25,37.86,38.06,39.55,40.23,41.55,41.89,42.03,42.33,44.28,44.23,43.79,44.29,44.34,46.79,..,..
Botswana,BWA,"Labor force participation rate, female (% of female population ages 15-64) (modeled ILO estimate)",SL.TLF.ACTI.FE.ZS,..,..,..,..,..,..,..,..,..,..,..,..,..,..,..,..,..,..,49.73,49.92,50.14,50.38,50.64,50.92,51.15,51.4,51.75,51.48,51.21,51.91,52.63,53.37,54.11,54.84,55.59,56.62,57.63,58.65,55.8,59.85,63.69,67.28,67.44,67.61,67.81,68.02,68.23,68.46,..,..
Brazil,BRA,"Labor force participation rate, female (% of female population ages 15-64) (modeled ILO estimate)",SL.TLF.ACTI.FE.ZS,..,..,..,..,..,..,..,..,..,..,..,..,..,..,..,..,..,..,44.6,44.87,46.31,47.75,49.19,50.62,49.54,50.49,51.43,52.79,53.88,54.99,56.49,56.99,58.24,59.51,59.29,59.13,59.11,59.84,58.54,57.22,58.32,58.42,58.48,59.23,59.4,60.5,60.9,61.89,..,..
British Virgin Islands,VGB,"Labor force participation rate, female (% of female population ages 15-64) (modeled ILO estimate)",SL.TLF.ACTI.FE.ZS,..,..,..,..,..,..,..,..,..,..,..,..,..,..,..,..,..,..,..,..,..,..,..,..,..,..,..,..,..,..,..,..,..,..,..,..,..,..,..,..,..,..,..,..,..,..,..,..,..,..
Brunei Darussalam,BRN,"Labor force participation rate, female (% of female population ages 15-64) (modeled ILO estimate)",SL.TLF.ACTI.FE.ZS,..,..,..,..,..,..,..,..,..,..,..,..,..,..,..,..,..,..,47.81,48.02,48.98,50.01,51.13,52.35,53.27,54.3,55.45,56.64,57.79,58.3,58.2,58.2,58.34,58.59,58.75,58.91,59.12,59.37,59.68,60.03,60.35,60.66,60.96,61.28,61.62,61.97,62.15,59.66,..,..
Bulgaria,BGR,"Labor force participation rate, female (% of female population ages 15-64) (modeled ILO estimate)",SL.TLF.ACTI.FE.ZS,..,..,..,..,..,..,..,..,..,..,..,..,..,..,..,..,..,..,65.39,65.93,66.44,65.42,64.33,63.16,61.98,60.73,59.38,57.86,56.14,59.66,59.19,57.29,58.58,57.45,60.36,62.06,63.01,62.33,62.2,61.97,63.14,64.49,65.02,65.45,64.67,67.27,67.2,68.87,..,..
Burkina Faso,BFA,"Labor force participation rate, female (% of female population ages 15-64) (modeled ILO estimate)",SL.TLF.ACTI.FE.ZS,..,..,..,..,..,..,..,..,..,..,..,..,..,..,..,..,..,..,79.11,79.07,78.19,77.27,76.32,75.34,74.33,73.28,72.21,71.1,69.97,68.81,67.63,66.42,65.18,63.92,62.64,62.28,61.91,61.55,61.18,60.82,60.46,60.11,59.76,59.81,59.86,59.91,59.96,60.01,..,..
Burundi,BDI,"Labor force participation rate, female (% of female population ages 15-64) (modeled ILO estimate)",SL.TLF.ACTI.FE.ZS,..,..,..,..,..,..,..,..,..,..,..,..,..,..,..,..,..,..,91.83,91.42,90.94,90.38,89.76,89.07,88.37,87.59,86.73,86.09,85.4,84.79,84.2,83.62,83.09,82.61,82.2,81.84,81.55,81.32,81.15,81.03,80.95,80.89,80.81,81.1,81.34,81.51,81.63,81.69,..,..
Cabo Verde,CPV,"Labor force participation rate, female (% of female population ages 15-64) (modeled ILO estimate)",SL.TLF.ACTI.FE.ZS,..,..,..,..,..,..,..,..,..,..,..,..,..,..,..,..,..,..,45.01,45.3,45.6,45.92,46.24,46.54,46.8,47.03,47.24,47.43,47.63,47.9,48.19,48.47,48.76,49.06,49.49,49.92,50.33,50.74,51.18,51.91,52.71,53.54,54.36,55.13,55.91,56.66,57.18,57.63,..,..
Cambodia,KHM,"Labor force participation rate, female (% of female population ages 15-64) (modeled ILO estimate)",SL.TLF.ACTI.FE.ZS,..,..,..,..,..,..,..,..,..,..,..,..,..,..,..,..,..,..,79.13,79.2,79.34,79.57,80.97,80.79,80.6,80.82,80.92,81.04,80.1,85.06,83.2,80.97,78.21,78.47,78.72,78.9,79.83,80.78,84.73,85.23,81.8,77.95,78.07,77.79,79.73,80.61,80.56,80.48,..,..
Cameroon,CMR,"Labor force participation rate, female (% of female population ages 15-64) (modeled ILO estimate)",SL.TLF.ACTI.FE.ZS,..,..,..,..,..,..,..,..,..,..,..,..,..,..,..,..,..,..,80.01,80,79.99,79.99,79.93,79.86,79.79,79.7,79.61,79.51,79.42,79.35,79.28,79.21,79.15,79.12,79.13,79.14,76.74,74.18,71.48,71.58,71.68,71.78,71.86,71.93,72,72.06,72.11,72.14,..,..
Canada,CAN,"Labor force participation rate, female (% of female population ages 15-64) (modeled ILO estimate)",SL.TLF.ACTI.FE.ZS,..,..,..,..,..,..,..,..,..,..,..,..,..,..,..,..,..,..,68.38,68.54,67.96,67.83,67.76,67.78,67.81,68.22,69.03,69.74,70.35,70.72,72.09,73.26,73.4,72.98,73.34,74.19,74.2,74.25,74.3,74.12,74.26,74.6,74.17,74.12,74.39,74.99,75.13,75.59,..,..
Cayman Islands,CYM,"Labor force participation rate, female (% of female population ages 15-64) (modeled ILO estimate)",SL.TLF.ACTI.FE.ZS,..,..,..,..,..,..,..,..,..,..,..,..,..,..,..,..,..,..,..,..,..,..,..,..,..,..,..,..,..,..,..,..,..,..,..,..,..,..,..,..,..,..,..,..,..,..,..,..,..,..
Central African Republic,CAF,"Labor force participation rate, female (% of female population ages 15-64) (modeled ILO estimate)",SL.TLF.ACTI.FE.ZS,..,..,..,..,..,..,..,..,..,..,..,..,..,..,..,..,..,..,66.83,66.81,66.84,66.87,66.88,66.89,66.88,66.83,66.79,66.76,66.78,66.72,66.67,66.67,66.62,66.6,66.59,66.56,66.54,66.48,66.42,66.36,66.25,66.35,66.19,65.98,65.91,65.84,65.76,65.68,..,..
Chad,TCD,"Labor force participation rate, female (% of female population ages 15-64) (modeled ILO estimate)",SL.TLF.ACTI.FE.ZS,..,..,..,..,..,..,..,..,..,..,..,..,..,..,..,..,..,..,65.41,65.29,65.19,65.24,65.15,65.12,65.06,65,64.94,64.94,64.93,64.84,64.77,64.67,64.49,64.39,64.38,64.36,64.35,64.34,64.28,64.29,64.26,64.25,64.24,64.26,64.33,64.38,64.41,64.43,..,..
Channel Islands,CHI,"Labor force participation rate, female (% of female population ages 15-64) (modeled ILO estimate)",SL.TLF.ACTI.FE.ZS,..,..,..,..,..,..,..,..,..,..,..,..,..,..,..,..,..,..,57.87,57.91,58.22,57.89,57.82,58.25,59.05,59.45,59.74,60.41,60.58,61.98,64.44,65.27,65.31,64.61,64.01,63.1,63.66,64.77,64.83,63.29,63.65,63.96,64.18,64.51,64.85,65.17,65.36,65.62,..,..
Chile,CHL,"Labor force participation rate, female (% of female population ages 15-64) (modeled ILO estimate)",SL.TLF.ACTI.FE.ZS,..,..,..,..,..,..,..,..,..,..,..,..,..,..,..,..,..,..,35.86,36.58,37.6,38.31,38.91,39.83,40.6,41.78,42.17,42.46,42.42,41.55,41.48,43.08,44.94,46.17,47.04,48.34,51.08,51.75,52.73,54.71,55.18,55.63,56.36,56.58,57.09,57.94,58.88,59.13,..,..
China,CHN,"Labor force participation rate, female (% of female population ages 15-64) (modeled ILO estimate)",SL.TLF.ACTI.FE.ZS,..,..,..,..,..,..,..,..,..,..,..,..,..,..,..,..,..,..,79.39,79.26,79.13,79,78.84,78.64,78.41,78.14,77.8,77.4,76.92,76.11,75.2,74.24,73.32,72.51,71.82,71.26,70.78,70.3,69.75,69.6,69.47,69.36,69.24,69.14,69.05,68.93,68.78,68.57,..,..
Colombia,COL,"Labor force participation rate, female (% of female population ages 15-64) (modeled ILO estimate)",SL.TLF.ACTI.FE.ZS,..,..,..,..,..,..,..,..,..,..,..,..,..,..,..,..,..,..,53.48,53.8,54.26,54.83,55.45,56.03,56.31,56.77,56.97,56.69,57.11,57.46,57.9,59.01,57.28,56.34,55.37,54.4,54.99,58.66,60.05,61.04,62.58,62.52,62.64,63.47,63.19,63.09,62.55,61.58,..,..
Comoros,COM,"Labor force participation rate, female (% of female population ages 15-64) (modeled ILO estimate)",SL.TLF.ACTI.FE.ZS,..,..,..,..,..,..,..,..,..,..,..,..,..,..,..,..,..,..,31.92,31.97,31.98,32.05,32.19,32.3,32.43,32.55,32.71,32.89,33.05,33.23,33.45,33.69,33.95,33.88,33.84,33.83,33.84,33.87,33.92,33.98,34.05,34.13,34.21,34.49,34.72,34.97,35.24,35.53,..,..
"Congo, Dem. Rep.",COD,"Labor force participation rate, female (% of female population ages 15-64) (modeled ILO estimate)",SL.TLF.ACTI.FE.ZS,..,..,..,..,..,..,..,..,..,..,..,..,..,..,..,..,..,..,71.41,71.43,71.47,71.52,71.52,71.51,71.49,71.49,71.48,71.48,71.5,71.49,71.47,71.44,71.41,71.38,70.12,68.84,67.52,66.18,64.82,63.43,62.02,61.99,61.96,61.94,61.92,61.9,61.87,61.86,..,..
"Congo, Rep.",COG,"Labor force participation rate, female (% of female population ages 15-64) (modeled ILO estimate)",SL.TLF.ACTI.FE.ZS,..,..,..,..,..,..,..,..,..,..,..,..,..,..,..,..,..,..,66.36,66.34,66.34,66.37,66.46,66.53,66.59,66.71,66.84,67.03,67.18,67.3,67.43,67.59,67.75,67.88,68.03,68.22,68.38,68.53,68.67,68.73,68.76,68.75,68.71,68.67,68.67,68.65,68.62,68.58,..,..
Costa Rica,CRI,"Labor force participation rate, female (% of female population ages 15-64) (modeled ILO estimate)",SL.TLF.ACTI.FE.ZS,..,..,..,..,..,..,..,..,..,..,..,..,..,..,..,..,..,..,35.33,36.09,35.58,36.56,37.88,38.85,37.31,40.58,43.17,43.4,41.84,45.96,45.7,46.14,44.68,48.69,48.43,49.9,50.3,50.79,49.84,49.98,55.52,55,54.64,53.92,50.39,51.36,54.21,58.3,..,..
Cote d'Ivoire,CIV,"Labor force participation rate, female (% of female population ages 15-64) (modeled ILO estimate)",SL.TLF.ACTI.FE.ZS,..,..,..,..,..,..,..,..,..,..,..,..,..,..,..,..,..,..,48.94,48.95,48.97,49.01,49.06,49.08,49.03,49.02,49.02,48.75,48.49,48.24,48,47.75,47.5,47.26,47.04,46.82,46.61,46.4,46.19,46.01,45.83,45.66,45.5,45.36,45.26,45.17,45.33,45.51,..,..
Croatia,HRV,"Labor force participation rate, female (% of female population ages 15-64) (modeled ILO estimate)",SL.TLF.ACTI.FE.ZS,..,..,..,..,..,..,..,..,..,..,..,..,..,..,..,..,..,..,55.84,55.28,55.38,55.46,55.52,55.57,55.72,55.9,56.1,56.32,56.55,56.78,56.52,56.58,58.28,58.94,58.9,58.33,58.84,60.12,59.59,57.71,58.04,58.57,61.32,62.23,60.88,61.5,61.99,61.96,..,..
Cuba,CUB,"Labor force participation rate, female (% of female population ages 15-64) (modeled ILO estimate)",SL.TLF.ACTI.FE.ZS,..,..,..,..,..,..,..,..,..,..,..,..,..,..,..,..,..,..,40.74,40.09,39.4,38.41,38.64,38.88,39.63,39.79,39.64,40.03,40.54,40.86,41.21,41.82,42.55,44.26,45.99,47.83,48.63,50.01,49.75,49.98,50.16,50.29,50.28,50.53,50.44,50.51,50.62,50.54,..,..
Curacao,CUW,"Labor force participation rate, female (% of female population ages 15-64) (modeled ILO estimate)",SL.TLF.ACTI.FE.ZS,..,..,..,..,..,..,..,..,..,..,..,..,..,..,..,..,..,..,..,..,..,..,..,..,..,..,..,..,..,..,..,..,..,..,..,..,..,..,..,..,..,..,..,..,..,..,..,..,..,..
Cyprus,CYP,"Labor force participation rate, female (% of female population ages 15-64) (modeled ILO estimate)",SL.TLF.ACTI.FE.ZS,..,..,..,..,..,..,..,..,..,..,..,..,..,..,..,..,..,..,53.5,53.98,54.78,54.03,55.66,55.01,55.46,56.83,56.54,56.52,57.42,60.28,61,62.36,62.41,61.74,62.86,64.17,64.6,65.34,66.78,66.11,65.76,66.32,68.49,68.81,67.93,68.6,69.69,70.21,..,..
Czechia,CZE,"Labor force participation rate, female (% of female population ages 15-64) (modeled ILO estimate)",SL.TLF.ACTI.FE.ZS,..,..,..,..,..,..,..,..,..,..,..,..,..,..,..,..,..,..,63.67,63.8,63.93,64.02,64.43,64.04,63.42,63.29,63.62,63.92,63.61,63.14,62.7,62.81,62.27,62.48,62.39,61.58,61.11,61.48,61.47,62.12,63.4,64.99,65.6,66.56,67.8,68.9,69.87,69.95,..,..
Denmark,DNK,"Labor force participation rate, female (% of female population ages 15-64) (modeled ILO estimate)",SL.TLF.ACTI.FE.ZS,..,..,..,..,..,..,..,..,..,..,..,..,..,..,..,..,..,..,77.61,78.07,78.2,77.39,73.33,73.3,73.36,73.89,74.77,75.52,75.41,74.65,75.44,74.38,75.76,75.78,76.85,76.57,75.62,75.25,74.57,74.32,74.08,73.84,73.3,73.58,74.73,75.13,75.35,76.04,..,..
Djibouti,DJI,"Labor force participation rate, female (% of female population ages 15-64) (modeled ILO estimate)",SL.TLF.ACTI.FE.ZS,..,..,..,..,..,..,..,..,..,..,..,..,..,..,..,..,..,..,47.71,47.73,47.8,47.97,48.1,48.2,48.39,48.52,48.64,48.77,48.96,49.05,49.17,49.31,49.45,49.61,50.02,50.52,51.11,51.8,52.47,52.78,53.04,53.25,53.44,53.64,53.73,53.89,54.06,54.24,..,..
Dominica,DMA,"Labor force participation rate, female (% of female population ages 15-64) (modeled ILO estimate)",SL.TLF.ACTI.FE.ZS,..,..,..,..,..,..,..,..,..,..,..,..,..,..,..,..,..,..,..,..,..,..,..,..,..,..,..,..,..,..,..,..,..,..,..,..,..,..,..,..,..,..,..,..,..,..,..,..,..,..
Dominican Republic,DOM,"Labor force participation rate, female (% of female population ages 15-64) (modeled ILO estimate)",SL.TLF.ACTI.FE.ZS,..,..,..,..,..,..,..,..,..,..,..,..,..,..,..,..,..,..,37.6,37.72,38.66,39.28,39.51,40.01,40.55,41.35,41.99,42.56,43.03,42.1,43.92,42.66,42.16,42.93,44.57,43.91,45.69,42.62,45.75,48.04,49.01,49.67,50.42,53.43,54.22,54.57,56.52,58.49,..,..
Ecuador,ECU,"Labor force participation rate, female (% of female population ages 15-64) (modeled ILO estimate)",SL.TLF.ACTI.FE.ZS,..,..,..,..,..,..,..,..,..,..,..,..,..,..,..,..,..,..,48.66,49.15,49.48,49.81,50.32,50.66,50.92,51.26,54.94,54.41,53.87,53.33,52.77,52.21,56.05,54.88,56.25,55.23,55.52,53.99,52.75,51.7,53.07,52.2,51.14,54.88,58.52,59.51,58.16,58.23,..,..
"Egypt, Arab Rep.",EGY,"Labor force participation rate, female (% of female population ages 15-64) (modeled ILO estimate)",SL.TLF.ACTI.FE.ZS,..,..,..,..,..,..,..,..,..,..,..,..,..,..,..,..,..,..,23.17,23.18,23.3,23.42,24.35,22.85,22.03,21.24,20.46,21.54,21.6,21.79,20.5,20.95,21.45,21.99,22.58,24.49,23.21,24.43,24.3,23.73,24.19,25.13,25.59,24.36,24.62,23.63,20.02,20,..,..
El Salvador,SLV,"Labor force participation rate, female (% of female population ages 15-64) (modeled ILO estimate)",SL.TLF.ACTI.FE.ZS,..,..,..,..,..,..,..,..,..,..,..,..,..,..,..,..,..,..,41.89,42.25,43.04,45.18,46.84,45.36,43.92,44.15,47.84,48.28,48.06,47.84,47.62,49.3,47.53,48.35,49.18,49.56,49.69,49.81,49.18,49.07,50.05,51.19,49.61,48.6,49.59,49.01,48.93,49.28,..,..
Equatorial Guinea,GNQ,"Labor force participation rate, female (% of female population ages 15-64) (modeled ILO estimate)",SL.TLF.ACTI.FE.ZS,..,..,..,..,..,..,..,..,..,..,..,..,..,..,..,..,..,..,52.64,52.64,52.58,52.5,52.43,52.4,52.28,52.23,52.26,52.39,52.59,52.65,52.85,53.16,53.53,53.91,54.09,54.35,54.69,55.09,55.5,55.5,55.59,55.77,56.03,56.35,56.14,56.04,56.05,56.17,..,..
Eritrea,ERI,"Labor force participation rate, female (% of female population ages 15-64) (modeled ILO estimate)",SL.TLF.ACTI.FE.ZS,..,..,..,..,..,..,..,..,..,..,..,..,..,..,..,..,..,..,74.42,74.25,74.01,73.71,73.36,73.08,73.09,73.08,73.05,72.97,72.85,72.7,72.51,72.36,72.3,72.38,72.68,73.03,73.44,73.8,74.14,74.45,74.72,74.95,74.91,74.99,75.03,75.09,75,74.92,..,..
Estonia,EST,"Labor force participation rate, female (% of female population ages 15-64) (modeled ILO estimate)",SL.TLF.ACTI.FE.ZS,..,..,..,..,..,..,..,..,..,..,..,..,..,..,..,..,..,..,67.02,66.79,66.58,66.61,66.6,66.55,66.63,66.87,66.44,65.2,66.06,65.62,64.06,66.3,67.62,67.86,69.63,68.93,70.31,70.63,71.17,71.61,71.58,71.96,71.49,73.17,73.37,75.09,75.6,75.8,..,..
Eswatini,SWZ,"Labor force participation rate, female (% of female population ages 15-64) (modeled ILO estimate)",SL.TLF.ACTI.FE.ZS,..,..,..,..,..,..,..,..,..,..,..,..,..,..,..,..,..,..,43.83,43.98,44.07,44.16,44.3,44.49,44.64,44.84,45.05,45.27,45.5,45.77,46.01,46.25,46.48,46.67,46.89,47.07,47.27,47.46,47.67,48.08,48.52,48.94,49.3,49.54,50.17,50.66,51.03,51.34,..,..
Ethiopia,ETH,"Labor force participation rate, female (% of female population ages 15-64) (modeled ILO estimate)",SL.TLF.ACTI.FE.ZS,..,..,..,..,..,..,..,..,..,..,..,..,..,..,..,..,..,..,67.8,67.81,67.84,67.79,67.79,68.71,69.61,70.47,71.31,72.13,72.92,73.72,74.49,75.25,75.98,76.68,76.62,76.55,76.46,76.37,76.28,76.21,76.15,76.1,76.05,76.01,75.99,75.98,76,76.02,..,..
Faroe Islands,FRO,"Labor force participation rate, female (% of female population ages 15-64) (modeled ILO estimate)",SL.TLF.ACTI.FE.ZS,..,..,..,..,..,..,..,..,..,..,..,..,..,..,..,..,..,..,..,..,..,..,..,..,..,..,..,..,..,..,..,..,..,..,..,..,..,..,..,..,..,..,..,..,..,..,..,..,..,..
Fiji,FJI,"Labor force participation rate, female (% of female population ages 15-64) (modeled ILO estimate)",SL.TLF.ACTI.FE.ZS,..,..,..,..,..,..,..,..,..,..,..,..,..,..,..,..,..,..,40.79,40.9,40.72,40.66,40.5,40.42,40.26,39.6,38.97,38.36,37.78,37.41,37.09,36.81,36.54,36.26,37.95,39.63,41.3,42.97,44.67,46.47,45.61,44.74,43.85,42.36,40.82,40.75,40.69,40.62,..,..
Finland,FIN,"Labor force participation rate, female (% of female population ages 15-64) (modeled ILO estimate)",SL.TLF.ACTI.FE.ZS,..,..,..,..,..,..,..,..,..,..,..,..,..,..,..,..,..,..,73.41,72.03,70.66,69.86,69.09,69.11,69.27,69.73,69.93,71.53,71.58,72.19,72.7,72.42,72.39,72.67,73.23,73.8,73.91,73.51,72.56,72.55,73.21,73.31,73.91,74.39,74.11,74.96,76.2,76.6,..,..
France,FRA,"Labor force participation rate, female (% of female population ages 15-64) (modeled ILO estimate)",SL.TLF.ACTI.FE.ZS,..,..,..,..,..,..,..,..,..,..,..,..,..,..,..,..,..,..,57.78,58.11,58.76,59.44,59.86,60.48,61.19,60.9,61.43,62.07,62.26,61.96,62.27,63.93,63.76,64.28,64.39,64.81,65.06,65.54,65.67,65.65,66.15,66.81,66.96,67.28,67.61,67.64,68.22,68.3,..,..
French Polynesia,PYF,"Labor force participation rate, female (% of female population ages 15-64) (modeled ILO estimate)",SL.TLF.ACTI.FE.ZS,..,..,..,..,..,..,..,..,..,..,..,..,..,..,..,..,..,..,49.84,50.08,50.35,50.6,50.79,50.91,51.11,51.3,51.36,51.31,51.22,51.15,51.1,51,50.96,50.99,51.11,51.32,51.92,52.48,52.95,53.46,53.86,53.72,53.54,53.41,53.31,53.3,53.31,53.24,..,..
Gabon,GAB,"Labor force participation rate, female (% of female population ages 15-64) (modeled ILO estimate)",SL.TLF.ACTI.FE.ZS,..,..,..,..,..,..,..,..,..,..,..,..,..,..,..,..,..,..,38.12,37.9,37.78,37.67,37.62,37.62,37.68,37.77,37.93,38.2,38.44,38.67,38.95,39.24,39.57,39.9,40.3,40.67,41.13,41.59,42.03,42.33,42.72,43.17,43.68,44.22,44.46,44.67,44.85,44.99,..,..
"Gambia, The",GMB,"Labor force participation rate, female (% of female population ages 15-64) (modeled ILO estimate)",SL.TLF.ACTI.FE.ZS,..,..,..,..,..,..,..,..,..,..,..,..,..,..,..,..,..,..,46.67,46.56,46.46,46.36,46.7,47.03,47.29,47.55,47.8,48.04,48.28,48.53,48.78,49.02,49.27,49.54,49.81,50.08,50.35,50.63,50.94,51.26,51.6,51.72,51.87,52,52.12,52.23,52.34,52.45,..,..
Georgia,GEO,"Labor force participation rate, female (% of female population ages 15-64) (modeled ILO estimate)",SL.TLF.ACTI.FE.ZS,..,..,..,..,..,..,..,..,..,..,..,..,..,..,..,..,..,..,62.22,63.24,64.35,65.54,66.8,65.99,64.24,62.63,62.01,61.48,57.63,60.98,59.05,60.91,59.92,59.38,59.61,59.87,60.14,60.44,62.92,63.77,63.6,62.72,63.81,65.23,63.3,62.92,62.38,61.45,..,..
Germany,DEU,"Labor force participation rate, female (% of female population ages 15-64) (modeled ILO estimate)",SL.TLF.ACTI.FE.ZS,..,..,..,..,..,..,..,..,..,..,..,..,..,..,..,..,..,..,57.77,61.49,61.35,60.78,61.58,61.48,61.54,62.14,62.5,63.28,63.5,64.04,64.7,65.56,65.67,67.06,68.41,69.32,69.67,70.36,70.87,71.99,71.98,72.67,72.86,72.96,73.41,73.79,74.11,74.73,..,..
Ghana,GHA,"Labor force participation rate, female (% of female population ages 15-64) (modeled ILO estimate)",SL.TLF.ACTI.FE.ZS,..,..,..,..,..,..,..,..,..,..,..,..,..,..,..,..,..,..,73.19,73.29,73.4,73.5,73.61,73.7,73.79,73.86,73.91,73.95,73.98,73.36,72.74,72.11,71.5,70.91,70.34,69.83,69.31,68.78,68.22,67.63,67.01,66.35,65.67,64.97,65.08,65.17,65.28,65.37,..,..
Gibraltar,GIB,"Labor force participation rate, female (% of female population ages 15-64) (modeled ILO estimate)",SL.TLF.ACTI.FE.ZS,..,..,..,..,..,..,..,..,..,..,..,..,..,..,..,..,..,..,..,..,..,..,..,..,..,..,..,..,..,..,..,..,..,..,..,..,..,..,..,..,..,..,..,..,..,..,..,..,..,..
Greece,GRC,"Labor force participation rate, female (% of female population ages 15-64) (modeled ILO estimate)",SL.TLF.ACTI.FE.ZS,..,..,..,..,..,..,..,..,..,..,..,..,..,..,..,..,..,..,43.36,41.15,42.71,42.95,43.91,45.01,46.65,47.13,49.29,50.93,51.12,50.19,51.55,52.62,54.72,54.95,55.5,55.43,55.51,56.85,57.73,57.76,58.62,58.75,59.22,60.18,60.62,60.41,60.17,60.61,..,..
Greenland,GRL,"Labor force participation rate, female (% of female population ages 15-64) (modeled ILO estimate)",SL.TLF.ACTI.FE.ZS,..,..,..,..,..,..,..,..,..,..,..,..,..,..,..,..,..,..,..,..,..,..,..,..,..,..,..,..,..,..,..,..,..,..,..,..,..,..,..,..,..,..,..,..,..,..,..,..,..,..
Grenada,GRD,"Labor force participation rate, female (% of female population ages 15-64) (modeled ILO estimate)",SL.TLF.ACTI.FE.ZS,..,..,..,..,..,..,..,..,..,..,..,..,..,..,..,..,..,..,..,..,..,..,..,..,..,..,..,..,..,..,..,..,..,..,..,..,..,..,..,..,..,..,..,..,..,..,..,..,..,..
Guam,GUM,"Labor force participation rate, female (% of female population ages 15-64) (modeled ILO estimate)",SL.TLF.ACTI.FE.ZS,..,..,..,..,..,..,..,..,..,..,..,..,..,..,..,..,..,..,61.79,61.89,61.94,61.99,61.98,61.97,61.9,61.8,61.7,61.6,61.45,61.33,61.19,61.04,60.77,60.53,60.43,60.22,60,59.84,59.69,59.62,59.56,59.53,59.51,59.51,59.5,59.48,59.47,59.43,..,..
Guatemala,GTM,"Labor force participation rate, female (% of female population ages 15-64) (modeled ILO estimate)",SL.TLF.ACTI.FE.ZS,..,..,..,..,..,..,..,..,..,..,..,..,..,..,..,..,..,..,39.86,40.05,40.32,40.51,40.76,41.17,41.32,41.69,42.16,42.51,42.8,43.03,43.38,43.6,43.93,43.72,43.5,43.27,43.02,42.77,42.52,42.28,48.57,42.48,42.53,40.92,42.51,41.48,41.95,42.45,..,..
Guinea,GIN,"Labor force participation rate, female (% of female population ages 15-64) (modeled ILO estimate)",SL.TLF.ACTI.FE.ZS,..,..,..,..,..,..,..,..,..,..,..,..,..,..,..,..,..,..,65.83,65.77,65.7,65.63,65.57,65.52,65.44,65.37,65.31,65.25,65.21,65.13,65.04,64.97,64.89,64.81,64.81,64.79,64.78,64.79,64.77,64.77,64.78,64.79,64.81,64.82,64.84,64.87,64.93,65.01,..,..
Guinea-Bissau,GNB,"Labor force participation rate, female (% of female population ages 15-64) (modeled ILO estimate)",SL.TLF.ACTI.FE.ZS,..,..,..,..,..,..,..,..,..,..,..,..,..,..,..,..,..,..,66.46,66.39,66.34,66.29,66.26,66.22,66.07,65.96,66.06,65.99,65.92,65.92,65.95,65.97,66,66.02,66.07,66.12,66.19,66.26,66.34,66.41,66.53,66.64,66.76,66.85,66.93,67.01,67.11,67.19,..,..
Guyana,GUY,"Labor force participation rate, female (% of female population ages 15-64) (modeled ILO estimate)",SL.TLF.ACTI.FE.ZS,..,..,..,..,..,..,..,..,..,..,..,..,..,..,..,..,..,..,39.24,39.94,40.62,41.22,40.65,40.05,39.47,38.92,38.39,37.89,37.4,36.9,36.37,37.06,37.68,38.22,38.79,39.31,39.81,40.33,40.9,41.49,42.12,42.77,43.43,44.07,44.76,45.45,46.15,46.43,..,..
Haiti,HTI,"Labor force participation rate, female (% of female population ages 15-64) (modeled ILO estimate)",SL.TLF.ACTI.FE.ZS,..,..,..,..,..,..,..,..,..,..,..,..,..,..,..,..,..,..,58.4,58.55,58.67,58.75,58.79,58.79,58.73,58.62,58.51,58.43,58.41,58.64,58.94,59.28,59.66,60.06,60.43,60.88,61.16,61.62,61.64,62.28,62.74,63.3,63.75,64.08,64.4,64.7,65.01,65.16,..,..
Honduras,HND,"Labor force participation rate, female (% of female population ages 15-64) (modeled ILO estimate)",SL.TLF.ACTI.FE.ZS,..,..,..,..,..,..,..,..,..,..,..,..,..,..,..,..,..,..,45.8,45.35,45.89,46.5,46.47,47.06,47.21,47.63,47.96,47.86,46.72,45.59,45.3,45.03,44.77,44.53,41.66,40.97,42.94,44.31,46.05,43.02,41.97,46.83,49.77,50.34,50.16,49.38,53.83,54.28,..,..
"Hong Kong SAR, China",HKG,"Labor force participation rate, female (% of female population ages 15-64) (modeled ILO estimate)",SL.TLF.ACTI.FE.ZS,..,..,..,..,..,..,..,..,..,..,..,..,..,..,..,..,..,..,53.42,54.39,53.35,52.81,53.45,54.37,54.67,55.05,55.75,56.53,57.34,58.25,59.85,59.72,60.06,60.29,60.65,61.15,61.08,61.23,59.88,61.19,61.97,63.38,63.76,64.28,64.59,65.13,65.47,65.34,..,..
Hungary,HUN,"Labor force participation rate, female (% of female population ages 15-64) (modeled ILO estimate)",SL.TLF.ACTI.FE.ZS,..,..,..,..,..,..,..,..,..,..,..,..,..,..,..,..,..,..,57.47,57.46,57.43,54.97,52.7,50.39,49.59,48.57,50.41,51.67,52.02,51.92,52.31,53.59,53.49,54.83,55.27,54.86,54.66,54.88,56.16,56.49,57.84,58.22,60.32,61.89,63.26,64.15,64.93,65.28,..,..
Iceland,ISL,"Labor force participation rate, female (% of female population ages 15-64) (modeled ILO estimate)",SL.TLF.ACTI.FE.ZS,..,..,..,..,..,..,..,..,..,..,..,..,..,..,..,..,..,..,76.52,76.28,77.72,78.21,78.93,81.57,79.87,78.76,80.96,83.11,85.79,84.65,83.53,83.4,83.05,82.49,83.23,82.61,81.65,81.04,81.57,81.46,82.36,83.26,84.43,85.72,86.17,85.77,84.45,84.26,..,..
India,IND,"Labor force participation rate, female (% of female population ages 15-64) (modeled ILO estimate)",SL.TLF.ACTI.FE.ZS,..,..,..,..,..,..,..,..,..,..,..,..,..,..,..,..,..,..,31.63,31.68,31.76,31.89,32.07,32.05,32.03,32.01,31.99,31.98,31.97,32.25,32.55,32.84,33.15,33.46,32.11,30.81,29.55,28.32,27.14,25.67,24.26,23.85,23.46,23.1,22.77,22.45,22.16,22.26,..,..
Indonesia,IDN,"Labor force participation rate, female (% of female population ages 15-64) (modeled ILO estimate)",SL.TLF.ACTI.FE.ZS,..,..,..,..,..,..,..,..,..,..,..,..,..,..,..,..,..,..,51.63,50.91,51.52,50.52,52.11,52.01,51.92,51.01,52.32,52.37,52.83,51.09,49.06,48.78,48.23,47.29,47.38,51.44,52.3,52.34,53.13,53.24,53.81,52.99,52.8,52.74,52.94,54.01,55.18,55.99,..,..
"Iran, Islamic Rep.",IRN,"Labor force participation rate, female (% of female population ages 15-64) (modeled ILO estimate)",SL.TLF.ACTI.FE.ZS,..,..,..,..,..,..,..,..,..,..,..,..,..,..,..,..,..,..,10.22,10.27,10.42,10.59,10.77,10.96,11.18,11.95,12.78,13.65,14.59,15.61,16.7,17.87,19.12,20.46,19.47,18.56,16.22,16.97,16.58,15.93,15.33,14.76,14.22,15.76,17.8,19.17,19.02,18.94,..,..
Iraq,IRQ,"Labor force participation rate, female (% of female population ages 15-64) (modeled ILO estimate)",SL.TLF.ACTI.FE.ZS,..,..,..,..,..,..,..,..,..,..,..,..,..,..,..,..,..,..,8.5,8.58,8.68,8.75,8.81,8.9,9,9.11,9.45,9.81,10.17,10.55,10.93,11.32,11.71,12.12,12.54,12.98,12.88,12.78,12.67,12.57,12.5,13.35,14.28,14.76,15.28,11.78,11.92,12.06,..,..
Ireland,IRL,"Labor force participation rate, female (% of female population ages 15-64) (modeled ILO estimate)",SL.TLF.ACTI.FE.ZS,..,..,..,..,..,..,..,..,..,..,..,..,..,..,..,..,..,..,45.77,46.44,46.23,48.09,49.31,49.72,51.3,52.42,55.01,57.3,58.43,58.52,59.65,60.08,60.35,63.33,64.22,65.91,65.74,65.16,64.52,64.44,64.58,65.47,65.32,65.35,66.34,66.8,67.34,67.6,..,..
Isle of Man,IMN,"Labor force participation rate, female (% of female population ages 15-64) (modeled ILO estimate)",SL.TLF.ACTI.FE.ZS,..,..,..,..,..,..,..,..,..,..,..,..,..,..,..,..,..,..,..,..,..,..,..,..,..,..,..,..,..,..,..,..,..,..,..,..,..,..,..,..,..,..,..,..,..,..,..,..,..,..
Israel,ISR,"Labor force participation rate, female (% of female population ages 15-64) (modeled ILO estimate)",SL.TLF.ACTI.FE.ZS,..,..,..,..,..,..,..,..,..,..,..,..,..,..,..,..,..,..,52.57,53.4,55.04,56.41,58.27,59.31,59.31,59.25,59.36,60.92,62.17,62.29,61.84,62.91,63.41,63.97,64.55,65.17,65.18,66.11,66.39,66.13,67.19,67.39,68.51,68.43,68.86,68.9,69.53,69.58,..,..
Italy,ITA,"Labor force participation rate, female (% of female population ages 15-64) (modeled ILO estimate)",SL.TLF.ACTI.FE.ZS,..,..,..,..,..,..,..,..,..,..,..,..,..,..,..,..,..,..,43.81,44.51,42.75,42.29,42.49,42.68,43.29,43.75,44.54,45.54,46.16,47.08,48.06,48.85,50.76,50.49,50.77,50.57,51.54,51.02,51.06,51.5,53.47,53.6,54.43,54.15,55.23,55.97,56.23,56.53,..,..
Jamaica,JAM,"Labor force participation rate, female (% of female population ages 15-64) (modeled ILO estimate)",SL.TLF.ACTI.FE.ZS,..,..,..,..,..,..,..,..,..,..,..,..,..,..,..,..,..,..,69.86,70.27,70.7,71.11,71.49,70.23,68.79,67.12,65.2,64.44,63.67,62.99,62.33,61.68,61.3,61.39,61.31,61.23,61.17,61.11,61.07,61.16,61.25,62.49,62.23,62.63,64.75,65.94,65.01,65.82,..,..
Japan,JPN,"Labor force participation rate, female (% of female population ages 15-64) (modeled ILO estimate)",SL.TLF.ACTI.FE.ZS,..,..,..,..,..,..,..,..,..,..,..,..,..,..,..,..,..,..,57.05,57.91,58.28,58.24,58.38,58.47,58.9,59.69,59.79,59.49,59.5,59.96,59.71,59.99,60.15,60.72,61.09,61.67,62.09,62.84,63.18,63.17,63.63,65.14,66.09,66.85,68.13,69.49,71.4,72.77,..,..
Jordan,JOR,"Labor force participation rate, female (% of female population ages 15-64) (modeled ILO estimate)",SL.TLF.ACTI.FE.ZS,..,..,..,..,..,..,..,..,..,..,..,..,..,..,..,..,..,..,11.12,11.42,11.85,12.18,12.52,12.91,12.98,13.07,13.18,13.29,13.41,12.97,13.63,12.57,12.73,12.89,13.27,16.05,15.63,16.44,16.23,16.18,15.77,14.76,14.83,14.94,15.06,15.21,15.38,15.56,..,..
Kazakhstan,KAZ,"Labor force participation rate, female (% of female population ages 15-64) (modeled ILO estimate)",SL.TLF.ACTI.FE.ZS,..,..,..,..,..,..,..,..,..,..,..,..,..,..,..,..,..,..,72.17,72.53,72.82,73.3,73.98,74.38,74.24,73.95,73.83,73.56,73.13,72.73,72.6,72.59,72.08,72.53,72.87,73.17,73.48,72.74,72.89,73,73.16,73.32,73.38,73.21,72.36,71.45,71.67,71.76,..,..
Kenya,KEN,"Labor force participation rate, female (% of female population ages 15-64) (modeled ILO estimate)",SL.TLF.ACTI.FE.ZS,..,..,..,..,..,..,..,..,..,..,..,..,..,..,..,..,..,..,71.03,71.03,71.05,71.08,71.1,71.12,71.1,71.11,71.11,71.14,69.57,67.91,66.16,64.35,62.51,60.65,61.91,63.19,64.44,65.63,66.74,67.78,68.73,69.62,70.47,71.29,72.1,72.2,72.3,72.41,..,..
Kiribati,KIR,"Labor force participation rate, female (% of female population ages 15-64) (modeled ILO estimate)",SL.TLF.ACTI.FE.ZS,..,..,..,..,..,..,..,..,..,..,..,..,..,..,..,..,..,..,..,..,..,..,..,..,..,..,..,..,..,..,..,..,..,..,..,..,..,..,..,..,..,..,..,..,..,..,..,..,..,..
"Korea, Dem. People's Rep.",PRK,"Labor force participation rate, female (% of female population ages 15-64) (modeled ILO estimate)",SL.TLF.ACTI.FE.ZS,..,..,..,..,..,..,..,..,..,..,..,..,..,..,..,..,..,..,79.9,80.24,80.68,81.02,81.24,81.44,81.56,81.69,81.63,81.45,81.42,81.36,81.39,81.43,81.46,81.45,81.53,81.61,81.59,81.65,81.71,81.75,81.8,81.83,81.82,81.78,81.58,81.46,81.31,81.05,..,..
"Korea, Rep.",KOR,"Labor force participation rate, female (% of female population ages 15-64) (modeled ILO estimate)",SL.TLF.ACTI.FE.ZS,..,..,..,..,..,..,..,..,..,..,..,..,..,..,..,..,..,..,49.74,49.77,49.66,49.8,50.65,51.35,52.07,53.15,50.51,51,52.15,52.83,53.5,53,54.32,54.66,55.01,54.94,54.73,53.85,54.42,54.84,55.2,55.57,56.99,58.06,58.52,59.2,59.54,60.11,..,..
Kosovo,XKX,"Labor force participation rate, female (% of female population ages 15-64) (modeled ILO estimate)",SL.TLF.ACTI.FE.ZS,..,..,..,..,..,..,..,..,..,..,..,..,..,..,..,..,..,..,..,..,..,..,..,..,..,..,..,..,..,..,..,..,..,..,..,..,..,..,..,..,..,..,..,..,..,..,..,..,..,..
Kuwait,KWT,"Labor force participation rate, female (% of female population ages 15-64) (modeled ILO estimate)",SL.TLF.ACTI.FE.ZS,..,..,..,..,..,..,..,..,..,..,..,..,..,..,..,..,..,..,38.94,39.47,39.88,40.57,41.43,41.66,41.98,42.44,42.9,43.69,44,44.11,44.15,43.46,43.32,43.27,43.47,43.92,44.73,46.36,47.65,48.21,48.91,49.86,50.72,51.42,51.42,51.79,51.69,51.58,..,..
Kyrgyz Republic,KGZ,"Labor force participation rate, female (% of female population ages 15-64) (modeled ILO estimate)",SL.TLF.ACTI.FE.ZS,..,..,..,..,..,..,..,..,..,..,..,..,..,..,..,..,..,..,50.75,52.34,55.03,58.02,62.04,63.28,62.48,61.21,61.17,60.9,60.34,59.8,60.11,59.37,58.63,58.96,59.12,58.18,57.24,56.34,55.84,56.33,55.21,52.7,53.89,53.3,51.74,49.27,47.51,47.34,..,..
Lao PDR,LAO,"Labor force participation rate, female (% of female population ages 15-64) (modeled ILO estimate)",SL.TLF.ACTI.FE.ZS,..,..,..,..,..,..,..,..,..,..,..,..,..,..,..,..,..,..,84.63,84.68,84.68,84.67,84.57,84.48,84.33,84.15,83.95,83.72,83.46,83.21,82.94,82.64,82.32,81.99,81.72,81.44,81.16,80.91,80.69,80.62,80.58,80.55,80.53,80.51,80.49,80.47,80.46,80.49,..,..
Latvia,LVA,"Labor force participation rate, female (% of female population ages 15-64) (modeled ILO estimate)",SL.TLF.ACTI.FE.ZS,..,..,..,..,..,..,..,..,..,..,..,..,..,..,..,..,..,..,63.93,63.64,63.77,64.15,64,63.92,63.74,64.22,64.19,62.06,61.64,63.09,64.9,64.77,64.18,64.78,66.42,67.77,70.42,70.79,70.98,70.26,72.07,71.66,71.45,72.75,74.12,74.55,75.44,75.36,..,..
Lebanon,LBN,"Labor force participation rate, female (% of female population ages 15-64) (modeled ILO estimate)",SL.TLF.ACTI.FE.ZS,..,..,..,..,..,..,..,..,..,..,..,..,..,..,..,..,..,..,20.66,21.13,21.55,21.96,22.35,22.74,22.8,22.94,23.08,23.24,23.36,23.12,22.94,22.81,22.74,23.1,23.58,24.06,24.3,24.5,24.66,24.76,24.78,24.71,24.64,24.64,24.83,25.04,25.31,25.63,..,..
Lesotho,LSO,"Labor force participation rate, female (% of female population ages 15-64) (modeled ILO estimate)",SL.TLF.ACTI.FE.ZS,..,..,..,..,..,..,..,..,..,..,..,..,..,..,..,..,..,..,69.69,69.73,69.76,69.81,69.83,69.84,69.86,69.87,69.9,69.95,69.2,68.47,67.75,67.04,66.35,65.67,65.09,64.51,63.96,63.41,62.88,62.57,62.24,61.87,62.14,62.34,62.54,62.74,62.91,63.08,..,..
Liberia,LBR,"Labor force participation rate, female (% of female population ages 15-64) (modeled ILO estimate)",SL.TLF.ACTI.FE.ZS,..,..,..,..,..,..,..,..,..,..,..,..,..,..,..,..,..,..,71.03,71.06,71.21,71.33,71.4,71.4,71.35,71.08,71,70.96,70.91,70.93,70.96,71.16,71.21,71.27,71.34,71.41,71.49,71.57,71.61,71.63,71.63,71.61,71.61,71.6,73.53,73.48,73.44,73.42,..,..
Libya,LBY,"Labor force participation rate, female (% of female population ages 15-64) (modeled ILO estimate)",SL.TLF.ACTI.FE.ZS,..,..,..,..,..,..,..,..,..,..,..,..,..,..,..,..,..,..,25.59,25.93,26.35,26.83,27.33,27.85,28.39,28.93,29.48,30.05,30.66,31.24,31.86,32.5,33.15,33.77,34.28,34.74,35.16,35.53,35.87,36.07,36.22,36.32,36.35,36.34,36.4,36.45,36.47,36.46,..,..
Liechtenstein,LIE,"Labor force participation rate, female (% of female population ages 15-64) (modeled ILO estimate)",SL.TLF.ACTI.FE.ZS,..,..,..,..,..,..,..,..,..,..,..,..,..,..,..,..,..,..,..,..,..,..,..,..,..,..,..,..,..,..,..,..,..,..,..,..,..,..,..,..,..,..,..,..,..,..,..,..,..,..
Lithuania,LTU,"Labor force participation rate, female (% of female population ages 15-64) (modeled ILO estimate)",SL.TLF.ACTI.FE.ZS,..,..,..,..,..,..,..,..,..,..,..,..,..,..,..,..,..,..,65.99,65.82,65.45,65.68,66.02,66.01,66.02,66,66.03,68.23,67.63,66.4,65.96,69.44,65.68,65.15,64.62,64.88,65.49,67.67,68.73,69.52,70.32,70.49,71.67,72.53,73.95,74.67,76.01,77.18,..,..
Luxembourg,LUX,"Labor force participation rate, female (% of female population ages 15-64) (modeled ILO estimate)",SL.TLF.ACTI.FE.ZS,..,..,..,..,..,..,..,..,..,..,..,..,..,..,..,..,..,..,42.28,44.61,47.26,46,46.84,44.08,45.55,46.85,47.32,49.79,51.73,51.63,53.2,53.27,55.68,56.94,58.42,58.42,58.27,60.22,60.06,60.58,62.47,62.58,63.46,65.33,64.3,65.95,66.97,66.88,..,..
"Macao SAR, China",MAC,"Labor force participation rate, female (% of female population ages 15-64) (modeled ILO estimate)",SL.TLF.ACTI.FE.ZS,..,..,..,..,..,..,..,..,..,..,..,..,..,..,..,..,..,..,48.63,49.24,50.77,51.26,52.49,53.68,61.63,61.23,61.01,61.57,62.07,63.16,62.06,59.66,60.89,62.74,64.57,68.29,69.55,70.87,70.8,71.72,71.22,72.09,72.88,73.07,72.91,72.5,72.76,72.51,..,..
Madagascar,MDG,"Labor force participation rate, female (% of female population ages 15-64) (modeled ILO estimate)",SL.TLF.ACTI.FE.ZS,..,..,..,..,..,..,..,..,..,..,..,..,..,..,..,..,..,..,85.81,85.82,85.81,85.79,85.79,85.78,85.81,85.84,85.86,85.89,85.9,85.93,85.98,85.97,85.96,85.94,86.71,87.38,87.96,88.45,88.84,88.53,88.15,87.21,86.15,84.93,84.85,84.79,84.75,84.72,..,..
Malawi,MWI,"Labor force participation rate, female (% of female population ages 15-64) (modeled ILO estimate)",SL.TLF.ACTI.FE.ZS,..,..,..,..,..,..,..,..,..,..,..,..,..,..,..,..,..,..,76.25,76.14,76.09,75.98,75.96,75.86,75.83,75.82,75.8,75.71,75.58,75.41,75.2,74.98,74.79,74.63,74.54,74.46,74.4,74.34,74.27,74.23,74.18,74.12,74.08,74.06,74.03,74,73.97,73.91,..,..
Malaysia,MYS,"Labor force participation rate, female (% of female population ages 15-64) (modeled ILO estimate)",SL.TLF.ACTI.FE.ZS,..,..,..,..,..,..,..,..,..,..,..,..,..,..,..,..,..,..,47.83,47.67,47.54,47.4,47.27,47.13,46.99,46.91,47.09,47.01,46.9,46.84,46.7,46.57,46.45,46.39,46.28,46.18,45.51,46.15,45.99,47.84,49.41,52.42,53.54,54.03,54.31,54.81,55.39,55.49,..,..
Maldives,MDV,"Labor force participation rate, female (% of female population ages 15-64) (modeled ILO estimate)",SL.TLF.ACTI.FE.ZS,..,..,..,..,..,..,..,..,..,..,..,..,..,..,..,..,..,..,20.51,21.97,23.53,25.17,26.87,28.61,30.43,32.27,34.14,36.06,38.06,38.1,38.23,38.44,38.71,39.01,39.32,39.66,40,40.32,42.01,43.73,45.49,47.3,49.15,47,44.71,44.61,43.97,43.05,..,..
Mali,MLI,"Labor force participation rate, female (% of female population ages 15-64) (modeled ILO estimate)",SL.TLF.ACTI.FE.ZS,..,..,..,..,..,..,..,..,..,..,..,..,..,..,..,..,..,..,62.41,62.3,62.28,62.24,62.21,62.21,62.18,62.19,62.2,62.22,62.26,62.22,62.25,62.25,62.3,62.32,62.31,62.32,62.33,62.33,62.33,62.3,62.29,62.27,62.23,63.36,61.7,60.02,60.03,60.04,..,..
Malta,MLT,"Labor force participation rate, female (% of female population ages 15-64) (modeled ILO estimate)",SL.TLF.ACTI.FE.ZS,..,..,..,..,..,..,..,..,..,..,..,..,..,..,..,..,..,..,32.52,32.51,32.84,33.23,33.38,33.53,34.14,34.81,35.11,35.66,36.11,35.39,37.23,36.56,34.23,36.14,36.77,39.26,40.63,41.34,42.54,44.72,48.81,51.83,54.04,55.11,57.3,59.16,62.35,64.49,..,..
Marshall Islands,MHL,"Labor force participation rate, female (% of female population ages 15-64) (modeled ILO estimate)",SL.TLF.ACTI.FE.ZS,..,..,..,..,..,..,..,..,..,..,..,..,..,..,..,..,..,..,..,..,..,..,..,..,..,..,..,..,..,..,..,..,..,..,..,..,..,..,..,..,..,..,..,..,..,..,..,..,..,..
Mauritania,MRT,"Labor force participation rate, female (% of female population ages 15-64) (modeled ILO estimate)",SL.TLF.ACTI.FE.ZS,..,..,..,..,..,..,..,..,..,..,..,..,..,..,..,..,..,..,30.57,30.57,30.59,30.6,30.66,30.64,30.65,30.71,30.74,30.77,30.87,30.58,30.32,30.08,29.86,29.66,29.48,29.33,29.21,29.11,29.03,28.98,28.95,28.88,28.82,28.78,28.74,28.72,28.9,29.07,..,..
Mauritius,MUS,"Labor force participation rate, female (% of female population ages 15-64) (modeled ILO estimate)",SL.TLF.ACTI.FE.ZS,..,..,..,..,..,..,..,..,..,..,..,..,..,..,..,..,..,..,41.43,41.73,41.91,42.02,42.14,42.33,42.5,42.69,42.93,43.19,43.45,43.63,43.76,43.84,43.85,45.43,45.85,44.76,45.75,46.15,47.84,47.3,47.74,50.05,50.62,52.31,51.35,52.12,52.39,52.81,..,..
Mexico,MEX,"Labor force participation rate, female (% of female population ages 15-64) (modeled ILO estimate)",SL.TLF.ACTI.FE.ZS,..,..,..,..,..,..,..,..,..,..,..,..,..,..,..,..,..,..,35.48,35.93,36.79,37.73,38.28,39.59,39.65,41.88,41.51,40.71,41.12,40.52,40.7,41.42,42.69,43.86,45.14,45.67,45.5,46.1,45.96,46.4,47.54,47.62,46.65,47,47.13,46.89,47.48,49.13,..,..
"Micronesia, Fed. Sts.",FSM,"Labor force participation rate, female (% of female population ages 15-64) (modeled ILO estimate)",SL.TLF.ACTI.FE.ZS,..,..,..,..,..,..,..,..,..,..,..,..,..,..,..,..,..,..,..,..,..,..,..,..,..,..,..,..,..,..,..,..,..,..,..,..,..,..,..,..,..,..,..,..,..,..,..,..,..,..
Moldova,MDA,"Labor force participation rate, female (% of female population ages 15-64) (modeled ILO estimate)",SL.TLF.ACTI.FE.ZS,..,..,..,..,..,..,..,..,..,..,..,..,..,..,..,..,..,..,52.49,52.89,53.88,54.78,56.31,56.94,57.56,57.1,57.9,58.24,57.76,56.79,55.68,54.83,53.99,52.28,50.56,48.8,46.98,45.1,44.43,44.86,43.51,43.92,43.43,46.67,45.34,44.7,41.39,44.83,..,..
Monaco,MCO,"Labor force participation rate, female (% of female population ages 15-64) (modeled ILO estimate)",SL.TLF.ACTI.FE.ZS,..,..,..,..,..,..,..,..,..,..,..,..,..,..,..,..,..,..,..,..,..,..,..,..,..,..,..,..,..,..,..,..,..,..,..,..,..,..,..,..,..,..,..,..,..,..,..,..,..,..
Mongolia,MNG,"Labor force participation rate, female (% of female population ages 15-64) (modeled ILO estimate)",SL.TLF.ACTI.FE.ZS,..,..,..,..,..,..,..,..,..,..,..,..,..,..,..,..,..,..,54.18,54.92,55.74,56.25,56.48,56.51,56.73,56.87,57.04,57.17,57.32,57.28,57.1,56.8,56.45,56.33,56.29,56.31,56.45,56.46,55.91,56.72,56.7,56.71,56.92,56.83,55.77,56.42,55.45,58.87,..,..
Montenegro,MNE,"Labor force participation rate, female (% of female population ages 15-64) (modeled ILO estimate)",SL.TLF.ACTI.FE.ZS,..,..,..,..,..,..,..,..,..,..,..,..,..,..,..,..,..,..,49.79,50.01,50.2,50.23,50.21,50.12,50.08,50.13,50.08,50.25,50.2,50.24,50.32,50.42,50.49,50.53,50.67,50.78,50.91,50.55,50.49,50.54,52.52,52.66,55.2,56.63,56.36,56.3,57.17,59.07,..,..
Morocco,MAR,"Labor force participation rate, female (% of female population ages 15-64) (modeled ILO estimate)",SL.TLF.ACTI.FE.ZS,..,..,..,..,..,..,..,..,..,..,..,..,..,..,..,..,..,..,24.17,24.38,24.38,24.42,24.76,24.77,25.2,25.36,25.75,26,26.26,26.64,26.11,27.62,28.28,28.25,27.97,27.69,27.41,27.37,27.34,27.32,26.44,26.28,25.45,24.66,23.88,23.14,23.26,23.37,..,..
Mozambique,MOZ,"Labor force participation rate, female (% of female population ages 15-64) (modeled ILO estimate)",SL.TLF.ACTI.FE.ZS,..,..,..,..,..,..,..,..,..,..,..,..,..,..,..,..,..,..,88.12,87.89,87.74,87.63,87.56,87.52,87.56,87.56,87.84,88.03,88.16,88.23,88.24,88.2,87.67,87.09,86.46,85.77,85.03,84.23,83.39,82.49,81.53,80.51,79.43,78.27,78.2,78.11,78.02,77.93,..,..
Myanmar,MMR,"Labor force participation rate, female (% of female population ages 15-64) (modeled ILO estimate)",SL.TLF.ACTI.FE.ZS,..,..,..,..,..,..,..,..,..,..,..,..,..,..,..,..,..,..,66.78,66.88,66.55,66.34,66.06,65.79,65.57,65.36,65.13,64.64,63.99,63.42,62.79,62.06,61.33,60.59,59.87,59.2,58.61,58.02,57.48,57.14,56.72,56.27,55.86,55.5,53.62,51.83,52.68,50.17,..,..
Namibia,NAM,"Labor force participation rate, female (% of female population ages 15-64) (modeled ILO estimate)",SL.TLF.ACTI.FE.ZS,..,..,..,..,..,..,..,..,..,..,..,..,..,..,..,..,..,..,50.22,50.32,50.45,50.66,50.86,50.1,49.37,48.69,48.91,49.12,49.33,49.86,50.36,50.84,51.31,51.78,52.33,52.88,53.42,53.96,54.51,55.11,55.72,59.68,59.2,58.53,57.85,57.34,56.89,57.21,..,..
Nauru,NRU,"Labor force participation rate, female (% of female population ages 15-64) (modeled ILO estimate)",SL.TLF.ACTI.FE.ZS,..,..,..,..,..,..,..,..,..,..,..,..,..,..,..,..,..,..,..,..,..,..,..,..,..,..,..,..,..,..,..,..,..,..,..,..,..,..,..,..,..,..,..,..,..,..,..,..,..,..
Nepal,NPL,"Labor force participation rate, female (% of female population ages 15-64) (modeled ILO estimate)",SL.TLF.ACTI.FE.ZS,..,..,..,..,..,..,..,..,..,..,..,..,..,..,..,..,..,..,84.39,84.45,84.55,84.68,84.83,84.99,84.92,84.88,84.86,84.88,84.59,84.31,84.02,83.73,83.42,83.11,82.8,82.49,82.18,82.23,82.32,82.45,82.72,83.09,83.48,83.84,84.34,84.75,85.07,85.3,..,..
Netherlands,NLD,"Labor force participation rate, female (% of female population ages 15-64) (modeled ILO estimate)",SL.TLF.ACTI.FE.ZS,..,..,..,..,..,..,..,..,..,..,..,..,..,..,..,..,..,..,52.46,53.49,55.16,55.83,57.22,58.14,59.49,61.17,62.41,64.27,65.63,66.84,67.71,68.54,69.17,67.7,68.41,70.15,71.34,71.98,72.31,72.82,73.88,74.28,73.77,74.65,74.97,75.24,75.75,76.61,..,..
New Caledonia,NCL,"Labor force participation rate, female (% of female population ages 15-64) (modeled ILO estimate)",SL.TLF.ACTI.FE.ZS,..,..,..,..,..,..,..,..,..,..,..,..,..,..,..,..,..,..,63.34,63.88,64.62,65.33,65.88,66.25,66.59,66.9,67.19,67.37,67.46,67.31,67.1,66.85,66.63,66.47,66.53,66.73,67.05,67.36,67.55,67.32,66.98,66.58,66.24,66,65.83,65.76,65.75,65.74,..,..
New Zealand,NZL,"Labor force participation rate, female (% of female population ages 15-64) (modeled ILO estimate)",SL.TLF.ACTI.FE.ZS,..,..,..,..,..,..,..,..,..,..,..,..,..,..,..,..,..,..,63.02,63.48,63.35,63.34,64.57,65.57,67.06,66.91,66.72,67,67.15,68.16,68.84,69.03,69.23,70.38,70.95,71.4,71.56,71.47,71.18,71.59,71.75,72.49,73.69,73.7,75,76.25,76.63,76.75,..,..
Nicaragua,NIC,"Labor force participation rate, female (% of female population ages 15-64) (modeled ILO estimate)",SL.TLF.ACTI.FE.ZS,..,..,..,..,..,..,..,..,..,..,..,..,..,..,..,..,..,..,37.92,37.73,36.88,36.03,35.37,34.86,35.26,36.23,37.21,38.46,39.87,41,42.18,43.38,44.61,45.85,47.11,47.66,48.21,48.77,49.33,49.9,50.47,51.04,51.62,52.19,52.74,53.27,53.06,52.86,..,..
Niger,NER,"Labor force participation rate, female (% of female population ages 15-64) (modeled ILO estimate)",SL.TLF.ACTI.FE.ZS,..,..,..,..,..,..,..,..,..,..,..,..,..,..,..,..,..,..,70.52,70.54,70.54,70.56,70.57,70.57,70.56,70.53,70.47,70.47,70.48,70.44,70.43,70.43,70.44,70.41,70.37,70.35,70.3,70.29,70.23,70.19,67.79,65.27,62.66,62.61,62.55,62.49,62.42,62.37,..,..
Nigeria,NGA,"Labor force participation rate, female (% of female population ages 15-64) (modeled ILO estimate)",SL.TLF.ACTI.FE.ZS,..,..,..,..,..,..,..,..,..,..,..,..,..,..,..,..,..,..,55.34,55.27,55.2,55.21,55.25,55.29,55.25,55.24,55.26,55.33,55.38,55.35,55.3,55.31,55.32,55.35,55.34,55.35,55.36,55.37,55.37,55.36,52.71,50.15,49.68,49.16,48.62,48.87,49.11,49.34,..,..
North Macedonia,MKD,"Labor force participation rate, female (% of female population ages 15-64) (modeled ILO estimate)",SL.TLF.ACTI.FE.ZS,..,..,..,..,..,..,..,..,..,..,..,..,..,..,..,..,..,..,46.74,47.19,47.68,48.25,48.34,48.37,48.34,47.79,47.25,46.74,47.22,47.72,48.23,49.34,49.3,49.23,49.15,50.35,50.09,49.94,50.37,51.25,50.8,52.58,52.33,51.83,50.67,51.49,52,54.65,..,..
Northern Mariana Islands,MNP,"Labor force participation rate, female (% of female population ages 15-64) (modeled ILO estimate)",SL.TLF.ACTI.FE.ZS,..,..,..,..,..,..,..,..,..,..,..,..,..,..,..,..,..,..,..,..,..,..,..,..,..,..,..,..,..,..,..,..,..,..,..,..,..,..,..,..,..,..,..,..,..,..,..,..,..,..
Norway,NOR,"Labor force participation rate, female (% of female population ages 15-64) (modeled ILO estimate)",SL.TLF.ACTI.FE.ZS,..,..,..,..,..,..,..,..,..,..,..,..,..,..,..,..,..,..,69.93,69.9,69.61,69.64,70.2,72.22,73.64,75.21,76.64,76.3,76.24,76.36,77.2,75.23,75.32,74.61,74.8,75.97,77.29,76.41,75.44,75.49,75.66,75.85,75.78,76,75.8,75.11,75.27,75.61,..,..
Oman,OMN,"Labor force participation rate, female (% of female population ages 15-64) (modeled ILO estimate)",SL.TLF.ACTI.FE.ZS,..,..,..,..,..,..,..,..,..,..,..,..,..,..,..,..,..,..,21.99,22.3,22.46,22.59,22.75,22.87,23.04,23.26,23.67,24.18,24.51,24.66,25.07,25.59,25.65,25.76,26.07,26.48,26.97,27.56,28.21,28.67,29.27,30,30.82,31.69,32.27,34.77,37.68,37.82,..,..
Pakistan,PAK,"Labor force participation rate, female (% of female population ages 15-64) (modeled ILO estimate)",SL.TLF.ACTI.FE.ZS,..,..,..,..,..,..,..,..,..,..,..,..,..,..,..,..,..,..,14.4,14.27,14.27,14.6,15.1,12.87,13.95,15.15,15.43,15.81,16.46,16.36,16.51,17.46,18.45,19.04,19.68,20.04,20.54,21.7,22.81,23.18,23.39,23.62,24.07,25.09,24.24,23.42,22.62,22.63,..,..
Palau,PLW,"Labor force participation rate, female (% of female population ages 15-64) (modeled ILO estimate)",SL.TLF.ACTI.FE.ZS,..,..,..,..,..,..,..,..,..,..,..,..,..,..,..,..,..,..,..,..,..,..,..,..,..,..,..,..,..,..,..,..,..,..,..,..,..,..,..,..,..,..,..,..,..,..,..,..,..,..
Panama,PAN,"Labor force participation rate, female (% of female population ages 15-64) (modeled ILO estimate)",SL.TLF.ACTI.FE.ZS,..,..,..,..,..,..,..,..,..,..,..,..,..,..,..,..,..,..,41.04,41.91,42.79,43.69,44.76,46.06,46.6,47.15,47.4,47.64,48.44,49.24,50.02,50.58,50.95,51.96,50.38,51.47,52.56,51.8,51.03,49.27,52.19,53.74,53.81,55.43,55.87,55.61,58.44,60.04,..,..
Papua New Guinea,PNG,"Labor force participation rate, female (% of female population ages 15-64) (modeled ILO estimate)",SL.TLF.ACTI.FE.ZS,..,..,..,..,..,..,..,..,..,..,..,..,..,..,..,..,..,..,72.79,72.32,71.6,70.62,70.41,70.83,70.52,70.99,71.45,71.54,71.92,69.97,67.93,65.81,63.6,61.31,58.93,56.5,54.01,51.48,48.92,48.97,48.86,48.78,48.34,48.07,48,47.95,48.08,47.97,..,..
Paraguay,PRY,"Labor force participation rate, female (% of female population ages 15-64) (modeled ILO estimate)",SL.TLF.ACTI.FE.ZS,..,..,..,..,..,..,..,..,..,..,..,..,..,..,..,..,..,..,55.15,55.38,55.44,55.8,56.18,55.98,55.78,55.56,55.34,55.13,54.94,54.76,54.59,54.6,59.92,58.35,55.02,57.26,56.81,58.98,56.63,58.46,63.15,61.87,59.18,59.26,59.89,59.99,62.82,63.76,..,..
Peru,PER,"Labor force participation rate, female (% of female population ages 15-64) (modeled ILO estimate)",SL.TLF.ACTI.FE.ZS,..,..,..,..,..,..,..,..,..,..,..,..,..,..,..,..,..,..,45.11,45.36,46.8,48.25,49.7,52.04,54.68,57.35,58.06,61.05,57.13,62.2,65,66.66,68.77,66.61,69.97,73.07,73.15,73.68,75.21,74.66,74.34,73.94,72.77,71.13,71.5,73.09,73.82,74.07,..,..
Philippines,PHL,"Labor force participation rate, female (% of female population ages 15-64) (modeled ILO estimate)",SL.TLF.ACTI.FE.ZS,..,..,..,..,..,..,..,..,..,..,..,..,..,..,..,..,..,..,48.56,48.77,48.93,48.99,48.96,48.92,48.84,48.79,48.98,49,48.96,48.98,48.63,48.29,47.97,48.83,49.34,49.42,48.97,49.83,50.04,50.91,50.53,50.51,51.38,51.1,50.5,47.39,47.94,49.13,..,..
Poland,POL,"Labor force participation rate, female (% of female population ages 15-64) (modeled ILO estimate)",SL.TLF.ACTI.FE.ZS,..,..,..,..,..,..,..,..,..,..,..,..,..,..,..,..,..,..,61.91,62.16,62.14,61.72,61.16,59.95,59.38,58.12,58,57.87,59.28,59.97,58.68,58.26,57.55,57.96,56.75,56.43,56.88,57.72,58.9,59.2,59.99,60.37,61.29,61.59,62.12,62.7,63.37,63.51,..,..
Portugal,PRT,"Labor force participation rate, female (% of female population ages 15-64) (modeled ILO estimate)",SL.TLF.ACTI.FE.ZS,..,..,..,..,..,..,..,..,..,..,..,..,..,..,..,..,..,..,58.02,60.57,58.67,59.22,59.7,59.51,60.28,61.46,62.28,63,63.65,64.56,65.29,66.41,66.42,67.69,68.26,68.8,68.94,68.9,69.63,69.41,69.66,69.72,69.95,70.38,70.63,71.76,72.51,73.04,..,..
Puerto Rico,PRI,"Labor force participation rate, female (% of female population ages 15-64) (modeled ILO estimate)",SL.TLF.ACTI.FE.ZS,..,..,..,..,..,..,..,..,..,..,..,..,..,..,..,..,..,..,34.84,35.64,36.34,38.73,38.48,38.25,39.13,40.2,40.27,42.17,40.31,41.32,42.33,42.63,42.41,43.47,44.65,44.23,43.33,42.84,42.37,42.02,41.69,41.36,40.99,40.56,41.1,41.57,42.02,42.57,..,..
Qatar,QAT,"Labor force participation rate, female (% of female population ages 15-64) (modeled ILO estimate)",SL.TLF.ACTI.FE.ZS,..,..,..,..,..,..,..,..,..,..,..,..,..,..,..,..,..,..,45.93,46.65,46.31,46.53,46.45,46.27,45.6,43.59,42.82,42.67,42.31,43.47,44.3,45.34,45.35,46.32,47.86,49.68,49.78,49.97,52.27,53.71,55.14,56.73,58.4,60.01,59.22,58.53,58.11,57.89,..,..
Romania,ROU,"Labor force participation rate, female (% of female population ages 15-64) (modeled ILO estimate)",SL.TLF.ACTI.FE.ZS,..,..,..,..,..,..,..,..,..,..,..,..,..,..,..,..,..,..,66.29,66.47,66.74,66.37,66.14,66.11,63.43,65.43,64.05,63.79,63.46,62.13,57.24,56.5,56.88,55.01,56.41,55.69,54.91,55.01,55.98,55.95,56.36,56.33,56.92,56.57,56.21,58.37,58.59,59.13,..,..
Russian Federation,RUS,"Labor force participation rate, female (% of female population ages 15-64) (modeled ILO estimate)",SL.TLF.ACTI.FE.ZS,..,..,..,..,..,..,..,..,..,..,..,..,..,..,..,..,..,..,70.78,70.62,70.38,68.39,66.21,65.64,64.58,63.2,62.15,66.23,66.37,65.11,66.63,66.62,67.39,67.98,68.41,68.97,68.63,68.61,68.13,68.45,68.45,68.21,68.33,68.39,68.95,68.88,69.3,68.97,..,..
Rwanda,RWA,"Labor force participation rate, female (% of female population ages 15-64) (modeled ILO estimate)",SL.TLF.ACTI.FE.ZS,..,..,..,..,..,..,..,..,..,..,..,..,..,..,..,..,..,..,89.63,89.49,89.19,88.71,88.15,87.46,87.5,87.29,87.02,86.71,86.37,86.1,85.85,85.63,85.43,85.25,85.13,85.03,84.94,84.85,84.75,84.67,84.57,84.44,84.29,84.33,84.35,84.38,84.41,84.4,..,..
Samoa,WSM,"Labor force participation rate, female (% of female population ages 15-64) (modeled ILO estimate)",SL.TLF.ACTI.FE.ZS,..,..,..,..,..,..,..,..,..,..,..,..,..,..,..,..,..,..,34.59,34.98,35.3,35.38,35.62,35.39,35.3,35.41,35.43,35.4,35.2,35.03,34.94,34.82,34.67,34.49,34.36,34.13,34.01,34.05,33.98,33.93,34.07,34.11,34.11,33.99,33.76,33.7,33.69,33.54,..,..
San Marino,SMR,"Labor force participation rate, female (% of female population ages 15-64) (modeled ILO estimate)",SL.TLF.ACTI.FE.ZS,..,..,..,..,..,..,..,..,..,..,..,..,..,..,..,..,..,..,..,..,..,..,..,..,..,..,..,..,..,..,..,..,..,..,..,..,..,..,..,..,..,..,..,..,..,..,..,..,..,..
Sao Tome and Principe,STP,"Labor force participation rate, female (% of female population ages 15-64) (modeled ILO estimate)",SL.TLF.ACTI.FE.ZS,..,..,..,..,..,..,..,..,..,..,..,..,..,..,..,..,..,..,39.26,39.32,39.29,39.23,39.21,39.26,39.39,39.61,39.89,40.22,40.55,40.84,41.12,41.35,41.54,41.66,42.12,42.58,42.97,43.32,43.56,43.67,43.73,43.71,43.66,43.61,43.62,43.61,43.6,43.6,..,..
Saudi Arabia,SAU,"Labor force participation rate, female (% of female population ages 15-64) (modeled ILO estimate)",SL.TLF.ACTI.FE.ZS,..,..,..,..,..,..,..,..,..,..,..,..,..,..,..,..,..,..,15.51,15.19,15.14,15.42,15.64,15.82,16.05,16.36,16.78,17.28,16.98,16.71,16.73,17.32,17.95,18.61,19.23,18.75,18.44,18.04,19.2,20.61,21.4,21.38,21.81,23.26,24.34,23.72,23.12,23.31,..,..
Senegal,SEN,"Labor force participation rate, female (% of female population ages 15-64) (modeled ILO estimate)",SL.TLF.ACTI.FE.ZS,..,..,..,..,..,..,..,..,..,..,..,..,..,..,..,..,..,..,34.07,34.09,34.13,34.18,34.27,34.34,34.38,34.43,34.48,34.56,34.66,34.74,34.86,34.96,35.06,35.17,35.26,35.33,35.4,35.47,35.55,35.63,35.71,35.79,35.88,35.96,36.05,36.15,36.29,36.44,..,..
Serbia,SRB,"Labor force participation rate, female (% of female population ages 15-64) (modeled ILO estimate)",SL.TLF.ACTI.FE.ZS,..,..,..,..,..,..,..,..,..,..,..,..,..,..,..,..,..,..,56.13,57.25,57.88,57.96,57.87,57.5,57.19,56.86,56.8,57.63,57.24,56.75,56.29,55.91,55.35,54.94,54.61,55.46,54.7,53.4,52.13,52.55,53.26,54.42,55.22,55.51,57.94,59.42,60.46,61.03,..,..
Seychelles,SYC,"Labor force participation rate, female (% of female population ages 15-64) (modeled ILO estimate)",SL.TLF.ACTI.FE.ZS,..,..,..,..,..,..,..,..,..,..,..,..,..,..,..,..,..,..,..,..,..,..,..,..,..,..,..,..,..,..,..,..,..,..,..,..,..,..,..,..,..,..,..,..,..,..,..,..,..,..
Sierra Leone,SLE,"Labor force participation rate, female (% of female population ages 15-64) (modeled ILO estimate)",SL.TLF.ACTI.FE.ZS,..,..,..,..,..,..,..,..,..,..,..,..,..,..,..,..,..,..,66.09,66.02,66.07,66.01,65.97,65.96,65.91,65.91,65.87,65.85,65.78,65.81,65.71,65.69,66.99,66.11,65.25,64.38,63.52,62.65,61.8,60.97,60.14,59.32,58.51,58.74,58.85,58.97,59.09,59.22,..,..
Singapore,SGP,"Labor force participation rate, female (% of female population ages 15-64) (modeled ILO estimate)",SL.TLF.ACTI.FE.ZS,..,..,..,..,..,..,..,..,..,..,..,..,..,..,..,..,..,..,50.69,51.22,51.84,52.79,53.59,54.4,55.24,55.94,55.34,56.27,56.8,57.46,56.55,57.42,57.99,58.49,59.22,59.93,62.52,62.07,63.39,64.24,65.38,65.87,67.32,68.73,69.04,69.08,69.39,69.72,..,..
Sint Maarten (Dutch part),SXM,"Labor force participation rate, female (% of female population ages 15-64) (modeled ILO estimate)",SL.TLF.ACTI.FE.ZS,..,..,..,..,..,..,..,..,..,..,..,..,..,..,..,..,..,..,..,..,..,..,..,..,..,..,..,..,..,..,..,..,..,..,..,..,..,..,..,..,..,..,..,..,..,..,..,..,..,..
Slovak Republic,SVK,"Labor force participation rate, female (% of female population ages 15-64) (modeled ILO estimate)",SL.TLF.ACTI.FE.ZS,..,..,..,..,..,..,..,..,..,..,..,..,..,..,..,..,..,..,69.97,70.84,68.56,65.81,61.35,61.49,62.52,61.96,61.3,61.95,62.74,63.46,62.86,63.09,62.99,61.49,60.91,60.72,61.34,60.64,61.33,61,61.88,62.6,62.95,64.35,65.52,66.04,66.04,66.48,..,..
Slovenia,SVN,"Labor force participation rate, female (% of female population ages 15-64) (modeled ILO estimate)",SL.TLF.ACTI.FE.ZS,..,..,..,..,..,..,..,..,..,..,..,..,..,..,..,..,..,..,62.12,62.1,62.11,62.11,62.14,62.2,62.35,63.24,64.36,63.07,63.09,62.59,63.79,62.47,65.82,65.89,66.66,66.81,67.73,67.63,67.55,66.78,67.23,66.81,67.32,67.91,68.62,71.32,71.83,72.17,..,..
Solomon Islands,SLB,"Labor force participation rate, female (% of female population ages 15-64) (modeled ILO estimate)",SL.TLF.ACTI.FE.ZS,..,..,..,..,..,..,..,..,..,..,..,..,..,..,..,..,..,..,83.21,83.02,82.56,82.52,82.26,82.07,82.22,82.55,82.72,82.99,83.92,84.47,84.77,84.69,84.66,84.61,84.47,84.32,84.18,84.54,84.43,84.06,84.01,84.02,84.04,84.06,84.05,84.02,83.98,83.98,..,..
Somalia,SOM,"Labor force participation rate, female (% of female population ages 15-64) (modeled ILO estimate)",SL.TLF.ACTI.FE.ZS,..,..,..,..,..,..,..,..,..,..,..,..,..,..,..,..,..,..,25.59,25.33,25.23,25.1,25.08,24.77,24.35,23.97,23.56,23.21,22.94,22.57,22.35,22.24,22.17,22.13,21.93,21.74,21.59,21.53,21.58,21.55,21.66,21.85,22.06,22.25,22.46,22.66,22.85,23.06,..,..
South Africa,ZAF,"Labor force participation rate, female (% of female population ages 15-64) (modeled ILO estimate)",SL.TLF.ACTI.FE.ZS,..,..,..,..,..,..,..,..,..,..,..,..,..,..,..,..,..,..,44.27,44.59,44.96,45.35,45.76,46.2,46.55,46.91,47.31,47.74,48.22,48.59,48.99,49.43,49.88,50.32,50.7,51.07,51.45,49.9,48.38,49.11,49.59,50.73,51.11,52.6,52.82,53.89,53.85,54.07,..,..
South Sudan,SSD,"Labor force participation rate, female (% of female population ages 15-64) (modeled ILO estimate)",SL.TLF.ACTI.FE.ZS,..,..,..,..,..,..,..,..,..,..,..,..,..,..,..,..,..,..,72.82,72.8,72.79,72.78,72.78,72.77,72.78,72.8,72.81,72.81,72.81,72.78,72.74,72.71,72.69,72.69,72.69,72.7,72.72,72.74,72.76,72.78,72.79,72.8,72.82,72.86,72.9,72.96,73.02,73.07,..,..
Spain,ESP,"Labor force participation rate, female (% of female population ages 15-64) (modeled ILO estimate)",SL.TLF.ACTI.FE.ZS,..,..,..,..,..,..,..,..,..,..,..,..,..,..,..,..,..,..,41.49,41.87,42.66,43.43,45.11,45.81,46.7,47.97,48.66,49.72,51.83,50.44,53.57,55.38,57.11,58.85,60.63,61.88,63.62,65.2,66.37,67.4,68.36,68.73,68.8,69.04,69.29,69.02,68.85,69.24,..,..
Sri Lanka,LKA,"Labor force participation rate, female (% of female population ages 15-64) (modeled ILO estimate)",SL.TLF.ACTI.FE.ZS,..,..,..,..,..,..,..,..,..,..,..,..,..,..,..,..,..,..,48.77,45.07,41.4,41.26,41.79,39.37,38.95,38.46,44.87,41.02,40.37,40.31,40.27,40.25,40.21,40.15,40.08,39.97,39.85,39.72,37.63,37.47,36.01,38.85,38.15,39.8,39.88,40.76,37.7,37.58,..,..
St. Kitts and Nevis,KNA,"Labor force participation rate, female (% of female population ages 15-64) (modeled ILO estimate)",SL.TLF.ACTI.FE.ZS,..,..,..,..,..,..,..,..,..,..,..,..,..,..,..,..,..,..,..,..,..,..,..,..,..,..,..,..,..,..,..,..,..,..,..,..,..,..,..,..,..,..,..,..,..,..,..,..,..,..
St. Lucia,LCA,"Labor force participation rate, female (% of female population ages 15-64) (modeled ILO estimate)",SL.TLF.ACTI.FE.ZS,..,..,..,..,..,..,..,..,..,..,..,..,..,..,..,..,..,..,52.75,53.02,53.75,54.49,55.2,55.86,56.44,56.98,57.47,57.96,58.46,59.01,60.06,61.11,62.17,63.22,64.42,65.49,66.41,67.2,67.93,68.79,69.71,70.67,71.63,72.56,73.47,74.36,75.49,76.37,..,..
St. Martin (French part),MAF,"Labor force participation rate, female (% of female population ages 15-64) (modeled ILO estimate)",SL.TLF.ACTI.FE.ZS,..,..,..,..,..,..,..,..,..,..,..,..,..,..,..,..,..,..,..,..,..,..,..,..,..,..,..,..,..,..,..,..,..,..,..,..,..,..,..,..,..,..,..,..,..,..,..,..,..,..
St. Vincent and the Grenadines,VCT,"Labor force participation rate, female (% of female population ages 15-64) (modeled ILO estimate)",SL.TLF.ACTI.FE.ZS,..,..,..,..,..,..,..,..,..,..,..,..,..,..,..,..,..,..,48.76,49.37,50.41,51.26,51.63,52.73,53.31,54.05,54.8,55.38,55.84,56.5,57.49,58.54,59.3,59.88,60.72,61.11,61.3,61.21,61.07,61.26,61.63,62.03,62.32,62.54,62.87,63.21,63.64,63.9,..,..
Sudan,SDN,"Labor force participation rate, female (% of female population ages 15-64) (modeled ILO estimate)",SL.TLF.ACTI.FE.ZS,..,..,..,..,..,..,..,..,..,..,..,..,..,..,..,..,..,..,24,24.86,25.75,26.66,27.61,28.57,29.57,29.51,29.45,29.4,29.36,29.34,29.32,29.31,29.29,29.27,29.26,29.25,29.23,29.21,29.19,29.17,29.24,29.38,29.55,29.72,29.89,30.08,30.34,30.6,..,..
Suriname,SUR,"Labor force participation rate, female (% of female population ages 15-64) (modeled ILO estimate)",SL.TLF.ACTI.FE.ZS,..,..,..,..,..,..,..,..,..,..,..,..,..,..,..,..,..,..,35.92,36.15,36.12,35.49,35.68,35.67,35.9,36.51,36.9,37.03,37.44,37.9,38.28,38.92,39.71,40.2,40.82,41.39,41.88,42.28,42.81,43.38,43.7,44.01,44.12,43.94,43.53,43.7,43.93,43.89,..,..
Sweden,SWE,"Labor force participation rate, female (% of female population ages 15-64) (modeled ILO estimate)",SL.TLF.ACTI.FE.ZS,..,..,..,..,..,..,..,..,..,..,..,..,..,..,..,..,..,..,81.91,81.08,79.27,77.28,76.19,76.83,77.08,76.32,75.58,76.45,75.77,75.86,75.94,75.93,75.43,75.9,76.37,76.89,76.99,76.35,76.11,77.13,77.69,78.67,79.32,80.02,80.33,80.8,81.13,81.25,..,..
Switzerland,CHE,"Labor force participation rate, female (% of female population ages 15-64) (modeled ILO estimate)",SL.TLF.ACTI.FE.ZS,..,..,..,..,..,..,..,..,..,..,..,..,..,..,..,..,..,..,68.97,68.62,69.81,69.98,68.99,68.93,70.3,70.68,71.99,72.38,71.78,73.25,73.8,74.16,73.99,74.34,74.8,75.1,76.71,77.11,75.23,76.25,76.72,77.12,78.11,78.73,79.55,79.34,79.87,80.1,..,..
Syrian Arab Republic,SYR,"Labor force participation rate, female (% of female population ages 15-64) (modeled ILO estimate)",SL.TLF.ACTI.FE.ZS,..,..,..,..,..,..,..,..,..,..,..,..,..,..,..,..,..,..,23.14,23.37,23.72,23.92,24.18,24.4,21.97,19.75,17.73,19.3,21.11,20.76,20.42,20.1,18.49,17.05,15.8,14.94,15.56,13.75,13.93,14.08,14.28,14.53,14.81,15.06,15.31,15.48,15.63,15.76,..,..
Tajikistan,TJK,"Labor force participation rate, female (% of female population ages 15-64) (modeled ILO estimate)",SL.TLF.ACTI.FE.ZS,..,..,..,..,..,..,..,..,..,..,..,..,..,..,..,..,..,..,33.45,33.51,33.6,33.7,33.8,33.87,33.94,33.99,34.03,34.07,34.12,34.19,34.26,34.34,34.84,34.07,33.25,32.3,31.35,31.09,31.35,31.62,31.89,32.17,32.48,32.81,33.17,32.23,31.41,30.66,..,..
Tanzania,TZA,"Labor force participation rate, female (% of female population ages 15-64) (modeled ILO estimate)",SL.TLF.ACTI.FE.ZS,..,..,..,..,..,..,..,..,..,..,..,..,..,..,..,..,..,..,86.73,86.73,86.71,86.69,86.66,86.62,86.61,86.58,86.55,86.52,86.49,86.48,86.97,87.43,87.84,88.23,88.59,87.94,87.23,86.45,85.59,84.66,83.63,82.5,81.25,81.25,81.24,81.2,81.16,81.1,..,..
Thailand,THA,"Labor force participation rate, female (% of female population ages 15-64) (modeled ILO estimate)",SL.TLF.ACTI.FE.ZS,..,..,..,..,..,..,..,..,..,..,..,..,..,..,..,..,..,..,70.62,70.21,69.85,69.5,69.18,70.51,71.96,72.49,71.27,70.18,70.93,69.51,69.65,69.82,69.81,70.3,69.54,70.44,70.72,70.73,69.93,72.41,71.72,69.07,68.27,67.97,67.28,66.64,67.18,66.81,..,..
Timor-Leste,TLS,"Labor force participation rate, female (% of female population ages 15-64) (modeled ILO estimate)",SL.TLF.ACTI.FE.ZS,..,..,..,..,..,..,..,..,..,..,..,..,..,..,..,..,..,..,65.19,65.03,64.99,65.01,65,64.92,64.63,64.45,64.41,66.33,65.38,64.58,64.92,65,64.93,64.7,64.85,64.21,63.49,62.85,62.24,61.93,61.65,61.63,61.5,61.46,61.42,61.82,62.07,62.11,..,..
Togo,TGO,"Labor force participation rate, female (% of female population ages 15-64) (modeled ILO estimate)",SL.TLF.ACTI.FE.ZS,..,..,..,..,..,..,..,..,..,..,..,..,..,..,..,..,..,..,52.76,52.73,52.74,52.84,52.76,52.71,52.81,52.9,53.12,53.35,53.64,53.8,53.95,54.1,54.3,54.53,54.7,54.91,55.08,55.24,55.37,55.49,55.6,55.71,55.82,55.93,56.03,56.14,56.24,56.35,..,..
Tonga,TON,"Labor force participation rate, female (% of female population ages 15-64) (modeled ILO estimate)",SL.TLF.ACTI.FE.ZS,..,..,..,..,..,..,..,..,..,..,..,..,..,..,..,..,..,..,37.63,40.1,42.58,45.04,47.44,47.04,46.68,46.27,45.86,45.48,45.13,45.06,45.06,45.07,45.03,44.91,44.71,44.41,44.03,43.62,43.23,43.04,42.86,42.65,42.36,41.99,41.6,41.19,40.76,40.68,..,..
Trinidad and Tobago,TTO,"Labor force participation rate, female (% of female population ages 15-64) (modeled ILO estimate)",SL.TLF.ACTI.FE.ZS,..,..,..,..,..,..,..,..,..,..,..,..,..,..,..,..,..,..,42.23,43.83,45.48,47.15,48.13,49.01,51.26,51.39,51.47,51.35,50.97,51.66,52.45,54.72,56.98,59.22,59.41,58.2,59.06,57.58,57.13,56.71,58.33,58.94,59.42,58.08,58.57,58.28,58.15,58.04,..,..
Tunisia,TUN,"Labor force participation rate, female (% of female population ages 15-64) (modeled ILO estimate)",SL.TLF.ACTI.FE.ZS,..,..,..,..,..,..,..,..,..,..,..,..,..,..,..,..,..,..,23.97,24.05,24.2,24.29,24.42,24.69,24.99,25.31,25.28,25.26,25.26,25.26,25.28,25.33,25.4,25.5,26.44,26.56,26.9,26.96,26.92,27,27.92,27.88,28.24,28.68,28.5,28.36,28.24,28.09,..,..
Turkiye,TUR,"Labor force participation rate, female (% of female population ages 15-64) (modeled ILO estimate)",SL.TLF.ACTI.FE.ZS,..,..,..,..,..,..,..,..,..,..,..,..,..,..,..,..,..,..,36.21,36.2,34.56,28.44,33.05,32.63,32.21,30.33,30.64,31.29,27.87,28.39,29.29,27.95,25.16,25.18,25.02,25.12,26.12,27.81,29.59,31,31.68,33.13,33.45,34.86,36.15,37.45,38.15,38.54,..,..
Turkmenistan,TKM,"Labor force participation rate, female (% of female population ages 15-64) (modeled ILO estimate)",SL.TLF.ACTI.FE.ZS,..,..,..,..,..,..,..,..,..,..,..,..,..,..,..,..,..,..,48.45,49.21,51,51.31,53.51,54.65,54.38,55.93,55.54,54.28,54,53.8,53.99,53.86,53.54,52.49,51.66,50.84,49.84,49.53,49.11,48.5,48.2,48.02,47.85,47.81,47.75,47.66,47.57,47.49,..,..
Turks and Caicos Islands,TCA,"Labor force participation rate, female (% of female population ages 15-64) (modeled ILO estimate)",SL.TLF.ACTI.FE.ZS,..,..,..,..,..,..,..,..,..,..,..,..,..,..,..,..,..,..,..,..,..,..,..,..,..,..,..,..,..,..,..,..,..,..,..,..,..,..,..,..,..,..,..,..,..,..,..,..,..,..
Tuvalu,TUV,"Labor force participation rate, female (% of female population ages 15-64) (modeled ILO estimate)",SL.TLF.ACTI.FE.ZS,..,..,..,..,..,..,..,..,..,..,..,..,..,..,..,..,..,..,..,..,..,..,..,..,..,..,..,..,..,..,..,..,..,..,..,..,..,..,..,..,..,..,..,..,..,..,..,..,..,..
Uganda,UGA,"Labor force participation rate, female (% of female population ages 15-64) (modeled ILO estimate)",SL.TLF.ACTI.FE.ZS,..,..,..,..,..,..,..,..,..,..,..,..,..,..,..,..,..,..,63.83,63.8,64,64.2,64.39,64.59,64.77,64.96,65.13,65.3,65.46,65.64,65.8,65.97,66.13,66.29,66.47,66.66,66.84,67.03,67.22,67.43,67.64,67.7,67.76,67.82,67.9,67.99,68.07,68.15,..,..
Ukraine,UKR,"Labor force participation rate, female (% of female population ages 15-64) (modeled ILO estimate)",SL.TLF.ACTI.FE.ZS,..,..,..,..,..,..,..,..,..,..,..,..,..,..,..,..,..,..,65.49,65.34,65.3,65.49,66.47,67.18,66.13,64.79,63.28,61.68,62.7,62.16,62.47,62.77,62.63,61.77,61.78,61.68,61.54,61.43,61.35,61.17,60.2,61.4,59.77,60.27,60.21,60.44,60.65,60.83,..,..
United Arab Emirates,ARE,"Labor force participation rate, female (% of female population ages 15-64) (modeled ILO estimate)",SL.TLF.ACTI.FE.ZS,..,..,..,..,..,..,..,..,..,..,..,..,..,..,..,..,..,..,28.87,29.64,30.3,31.16,31.58,31.95,32.25,32.67,33.22,33.86,34.52,34.83,35.35,36.07,36.94,37.88,38.96,40.23,41.66,43.19,44.73,45.86,47.07,48.38,49.77,51.19,52.06,53.23,53.16,52.9,..,..
United Kingdom,GBR,"Labor force participation rate, female (% of female population ages 15-64) (modeled ILO estimate)",SL.TLF.ACTI.FE.ZS,..,..,..,..,..,..,..,..,..,..,..,..,..,..,..,..,..,..,66.1,65.97,65.87,65.96,65.99,65.93,66.41,66.85,66.81,67.36,67.74,67.55,68.04,67.92,68.3,68.68,69.11,68.86,69.2,69.31,69.21,69.46,70.02,70.67,71.16,71.56,72.05,72.67,73.08,73.62,..,..
United States,USA,"Labor force participation rate, female (% of female population ages 15-64) (modeled ILO estimate)",SL.TLF.ACTI.FE.ZS,..,..,..,..,..,..,..,..,..,..,..,..,..,..,..,..,..,..,67.06,66.94,67.54,67.73,68.75,69.07,69.43,70.01,69.96,69.98,69.92,69.51,69.09,68.68,68.15,68.14,68.23,67.98,68.15,67.81,67.14,66.56,66.52,66.02,66,65.86,66.29,66.94,67.23,67.87,..,..
Uruguay,URY,"Labor force participation rate, female (% of female population ages 15-64) (modeled ILO estimate)",SL.TLF.ACTI.FE.ZS,..,..,..,..,..,..,..,..,..,..,..,..,..,..,..,..,..,..,54.04,54.5,56.73,56.11,57.74,59.17,59.87,60.59,61.31,61,61.9,64.71,63.28,63.55,62.83,64.1,64.31,65.59,66.88,67.22,67.15,67.97,67.95,67.22,68.17,68.14,68.34,68.19,67.99,68.14,..,..
Uzbekistan,UZB,"Labor force participation rate, female (% of female population ages 15-64) (modeled ILO estimate)",SL.TLF.ACTI.FE.ZS,..,..,..,..,..,..,..,..,..,..,..,..,..,..,..,..,..,..,54.82,55.27,56.87,57.56,58.49,58.95,59.16,59.02,58.91,58.74,58.64,58.5,58.37,58.19,57.67,57.18,56.64,55.91,55.26,54.73,54.39,54.03,53.61,53.2,52.87,52.54,52.35,52.31,52.19,52.05,..,..
Vanuatu,VUT,"Labor force participation rate, female (% of female population ages 15-64) (modeled ILO estimate)",SL.TLF.ACTI.FE.ZS,..,..,..,..,..,..,..,..,..,..,..,..,..,..,..,..,..,..,61.42,61.39,61.4,61.51,61.18,61.27,61.2,60.98,60.78,60.84,60.63,61,61.49,61.48,61.49,61.41,61.09,61,60.93,61.06,61.29,61.29,61.27,61.31,61.4,61.63,61.68,61.66,61.69,61.67,..,..
"Venezuela, RB",VEN,"Labor force participation rate, female (% of female population ages 15-64) (modeled ILO estimate)",SL.TLF.ACTI.FE.ZS,..,..,..,..,..,..,..,..,..,..,..,..,..,..,..,..,..,..,47.12,48.02,48.67,48.85,48.8,49.28,49.43,50.12,50.29,49.9,50.38,50.83,50.17,49.62,51.28,52.36,53.09,52.76,52.85,53.16,52.91,53.09,53.01,53.32,53.24,53.06,51.94,51,49.63,46.4,..,..
Vietnam,VNM,"Labor force participation rate, female (% of female population ages 15-64) (modeled ILO estimate)",SL.TLF.ACTI.FE.ZS,..,..,..,..,..,..,..,..,..,..,..,..,..,..,..,..,..,..,79.6,79.59,79.49,79.4,79.27,79.12,78.98,78.87,78.84,78.82,78.7,78.6,78.47,78.3,78.1,77.87,77.67,77.45,77.29,77.18,76.92,77.04,77.57,78.53,78.84,78.56,78.44,78.92,79.71,79.63,..,..
Virgin Islands (U.S.),VIR,"Labor force participation rate, female (% of female population ages 15-64) (modeled ILO estimate)",SL.TLF.ACTI.FE.ZS,..,..,..,..,..,..,..,..,..,..,..,..,..,..,..,..,..,..,64.35,64.58,64.71,64.61,64.71,64.85,64.65,64.83,65.12,65.4,65.72,66.08,66.37,66.58,67.02,67.54,68.01,68.51,68.8,68.62,68.88,68.37,67.43,67.09,67.05,67.06,67.16,67.16,67.3,67.36,..,..
West Bank and Gaza,PSE,"Labor force participation rate, female (% of female population ages 15-64) (modeled ILO estimate)",SL.TLF.ACTI.FE.ZS,..,..,..,..,..,..,..,..,..,..,..,..,..,..,..,..,..,..,12.25,12.29,12.35,12.35,12.33,12.4,12.35,12.57,12.83,13,12.9,10.46,10.5,12.96,13.32,13.21,13.9,15.51,15.14,14.97,14.37,15.92,16.4,16.1,16.81,18.47,18.03,18.35,18.34,19.15,..,..
"Yemen, Rep.",YEM,"Labor force participation rate, female (% of female population ages 15-64) (modeled ILO estimate)",SL.TLF.ACTI.FE.ZS,..,..,..,..,..,..,..,..,..,..,..,..,..,..,..,..,..,..,17.38,17.39,17.45,17.44,17.54,18.53,19.53,20.57,21.65,22.78,21.29,19.89,18.56,17.31,16.13,15.02,13.98,13.01,12.1,11.26,10.47,9.22,8.12,7.17,6.34,6.28,6.26,6.26,6.27,6.29,..,..
Zambia,ZMB,"Labor force participation rate, female (% of female population ages 15-64) (modeled ILO estimate)",SL.TLF.ACTI.FE.ZS,..,..,..,..,..,..,..,..,..,..,..,..,..,..,..,..,..,..,74.02,74,73.99,73.93,73.94,73.89,73.84,73.8,73.79,73.76,73.73,73.75,73.77,73.78,73.77,73.76,73.38,73,72.61,72.2,71.78,71.39,71,71.04,71.07,71.11,71.16,71.2,71.23,71.29,..,..
Zimbabwe,ZWE,"Labor force participation rate, female (% of female population ages 15-64) (modeled ILO estimate)",SL.TLF.ACTI.FE.ZS,..,..,..,..,..,..,..,..,..,..,..,..,..,..,..,..,..,..,74.75,74.76,74.85,74.86,74.81,74.78,74.72,74.67,73.12,71.44,72.74,74.12,75.4,76.58,77.71,77.71,77.8,77.9,78.01,78.11,78.21,78.41,78.48,78.6,78.7,78.77,78.87,78.94,79,79.11,..,..
,,,,,,,,,,,,,,,,,,,,,,,,,,,,,,,,,,,,,,,,,,,,,,,,,,,,,
,,,,,,,,,,,,,,,,,,,,,,,,,,,,,,,,,,,,,,,,,,,,,,,,,,,,,
,,,,,,,,,,,,,,,,,,,,,,,,,,,,,,,,,,,,,,,,,,,,,,,,,,,,,
Data from database: World Development Indicators,,,,,,,,,,,,,,,,,,,,,,,,,,,,,,,,,,,,,,,,,,,,,,,,,,,,,
Last Updated: 03/01/2023,,,,,,,,,,,,,,,,,,,,,,,,,,,,,,,,,,,,,,,,,,,,,,,,,,,,,
